entity_id,state,election_year,constituency_name,electors,votes_polled,turnout_pct,winner_candidate,winner_party_id,winner_party_short_raw,winner_votes,winner_share_pct,runnerup_candidate,runnerup_party_id,runnerup_party_short_raw,runnerup_votes,margin_votes,margin_pct,source_id,processing_level,processing_note
IN-AC-1976-tamil-nadu-1,tamil-nadu,2001,ROYAPURAM,156528,78335,50.05,JAYAKUMAR.D,parties.IN.AIADMK,ADMK,44465,56.76,NARGUNAN.K,parties.IN.DMK,DMK,30753,13712,17.5,src-1b7bc1c9d39a,minor,
IN-AC-1976-tamil-nadu-10,tamil-nadu,2001,THOUSAND LIGHTS,210474,95428,45.34,STALIN M.K.,parties.IN.DMK,DMK,49056,51.41,SEKAR S,parties.IN.TMC_M,TMC(M),41782,7274,7.63,src-1b7bc1c9d39a,minor,
IN-AC-1976-tamil-nadu-100,tamil-nadu,2001,EDAPADI,216474,134243,62.01,GANESAN. I,parties.IN.PMK,PMK,74375,55.4,KANDASAMY.A.,parties.IN.DMK,DMK,43564,30811,22.95,src-1b7bc1c9d39a,minor,
IN-AC-1976-tamil-nadu-101,tamil-nadu,2001,METTUPALAYAM,219782,142577,64.87,SELVARAJ A.K.,parties.IN.AIADMK,ADMK,85578,60.02,B.ARUN KUMAR,parties.IN.DMK,DMK,44500,41078,28.81,src-1b7bc1c9d39a,minor,
IN-AC-1976-tamil-nadu-102,tamil-nadu,2001,AVANASHI,187295,123579,65.98,MAHALINGAM.S.,parties.IN.AIADMK,ADMK,59571,48.2,M.MOHANKUMAR,parties.IN.IND,IND,38559,21012,17,src-1b7bc1c9d39a,minor,
IN-AC-1976-tamil-nadu-103,tamil-nadu,2001,THONDAMUTHUR,356986,191745,53.71,BALASUBRAMONIYAN.S.R.,parties.IN.TMC_M,TMC(M),96959,50.57,SUKANYA.TMT. V.R.,parties.IN.DMK,DMK,68423,28536,14.89,src-1b7bc1c9d39a,minor,
IN-AC-1976-tamil-nadu-104,tamil-nadu,2001,SINGANALLUR,293950,166992,56.81,KARUNAKARAN. K.C.,parties.IN.CPIM,CPM,82773,49.57,PALANISAMY. N.,parties.IN.DMK,DMK,62772,20001,11.98,src-1b7bc1c9d39a,minor,
IN-AC-1976-tamil-nadu-105,tamil-nadu,2001,COIMBATORE WEST,140963,78485,55.68,MAHESWARI.S.,parties.IN.INC,INC,40372,51.44,DHANDAPANI. C.T.,parties.IN.DMK,DMK,30281,10091,12.86,src-1b7bc1c9d39a,minor,
IN-AC-1976-tamil-nadu-106,tamil-nadu,2001,COIMBATORE EAST,159063,82711,52,LAKSHMANAN V.K.,parties.IN.TMC_M,TMC(M),41419,50.08,NANJAPPAN N.R.,parties.IN.BJP,BJP,38208,3211,3.89,src-1b7bc1c9d39a,minor,
IN-AC-1976-tamil-nadu-107,tamil-nadu,2001,PERUR,300569,170464,56.71,KRISHNAKUMAR M.A.P.A. ALIAS ROHINI,parties.IN.AIADMK,ADMK,94607,55.5,NAGESWARI THIRUMATHI.N.,parties.IN.DMK,DMK,59343,35264,20.69,src-1b7bc1c9d39a,minor,
IN-AC-1976-tamil-nadu-108,tamil-nadu,2001,KINATHUKKADAVU,168931,111180,65.81,DAMODARAN. S.,parties.IN.AIADMK,ADMK,55958,50.33,SHANMUGAM. M.,parties.IN.DMK,DMK,22178,33780,30.38,src-1b7bc1c9d39a,minor,
IN-AC-1976-tamil-nadu-109,tamil-nadu,2001,POLLACHI,203219,123179,60.61,JAYARAMAN.V.,parties.IN.AIADMK,ADMK,64648,52.48,TAMIL MANI.R.,parties.IN.DMK,DMK,32244,32404,26.3,src-1b7bc1c9d39a,minor,
IN-AC-1976-tamil-nadu-11,tamil-nadu,2001,CHEPAUK,128399,57477,44.76,KARUNANIDHI M,parties.IN.DMK,DMK,29836,51.91,DAMODHARAN R,parties.IN.INC,INC,25002,4834,8.41,src-1b7bc1c9d39a,minor,
IN-AC-1976-tamil-nadu-110,tamil-nadu,2001,VALPARAI,140873,89131,63.27,KOVAI THANGAM.,parties.IN.TMC_M,TMC(M),47428,53.21,KRISHNASWAMY . DR. K.,parties.IN.PT,PT,29513,17915,20.1,src-1b7bc1c9d39a,minor,
IN-AC-1976-tamil-nadu-111,tamil-nadu,2001,UDUMALPET,211445,138676,65.58,SHANMUGAVELU.C,parties.IN.AIADMK,ADMK,78938,56.92,SELVARAJ. D.,parties.IN.DMK,DMK,39030,39908,28.78,src-1b7bc1c9d39a,minor,
IN-AC-1976-tamil-nadu-112,tamil-nadu,2001,DHARAPURAM,185498,112564,60.68,SIVAKAMI. V.,parties.IN.PMK,PMK,56835,50.49,SARESWATHI. R,parties.IN.DMK,DMK,34683,22152,19.68,src-1b7bc1c9d39a,minor,
IN-AC-1976-tamil-nadu-113,tamil-nadu,2001,VELLAKOIL,170584,113900,66.77,SAMINATHAN.M.P.,parties.IN.DMK,DMK,37571,32.99,PERIASAMY. V.P.,parties.IN.AIADMK,ADMK,36831,740,0.65,src-1b7bc1c9d39a,minor,
IN-AC-1976-tamil-nadu-114,tamil-nadu,2001,PONGALUR,157105,106683,67.91,DAMODARAN P.V.,parties.IN.AIADMK,ADMK,57139,53.56,CHELLAMUTHU.K,parties.IN.IND,IND,35324,21815,20.45,src-1b7bc1c9d39a,minor,
IN-AC-1976-tamil-nadu-115,tamil-nadu,2001,PALLADAM,245455,147864,60.24,VELUSAMY.S.M,parties.IN.AIADMK,ADMK,82592,55.86,PONMUDI.S.S,parties.IN.DMK,DMK,50118,32474,21.97,src-1b7bc1c9d39a,minor,
IN-AC-1976-tamil-nadu-116,tamil-nadu,2001,TIRUPPUR,397889,212372,53.37,SIVASAMI. C.,parties.IN.AIADMK,ADMK,127224,59.91,LALITHAKUMARAMANGALAM.,parties.IN.BJP,BJP,80668,46556,21.93,src-1b7bc1c9d39a,minor,
IN-AC-1976-tamil-nadu-117,tamil-nadu,2001,KANGAYAM,175834,114962,65.38,SELVI.M.,parties.IN.AIADMK,ADMK,58700,51.06,RAJKUMAR MANRADIYAR.N,parties.IN.DMK,DMK,47426,11274,9.81,src-1b7bc1c9d39a,minor,
IN-AC-1976-tamil-nadu-118,tamil-nadu,2001,MODAKURICHI,220433,134487,61.01,RAMASAMI P.C.,parties.IN.AIADMK,ADMK,74296,55.24,SUBBULAKSHMI JEGADEESAN TMT.,parties.IN.DMK,DMK,40084,34212,25.43,src-1b7bc1c9d39a,minor,
IN-AC-1976-tamil-nadu-119,tamil-nadu,2001,PERUNDURAI,191912,124623,64.94,PALANISAMY. K.S.,parties.IN.AIADMK,ADMK,72133,57.88,GOVINDASWAMY. N.,parties.IN.CNMK,CNMK,40421,31712,25.45,src-1b7bc1c9d39a,minor,
IN-AC-1976-tamil-nadu-12,tamil-nadu,2001,TRIPLICANE,162839,70179,43.1,HUSSAIN.S.A.M.,parties.IN.DMK,DMK,34943,49.79,RAJAKUMAR.S,parties.IN.INC,INC,31267,3676,5.24,src-1b7bc1c9d39a,minor,
IN-AC-1976-tamil-nadu-120,tamil-nadu,2001,ERODE,321070,182154,56.73,THENNARASU K.S.,parties.IN.AIADMK,ADMK,95450,52.4,PERIYASAMY N.K.K.,parties.IN.DMK,DMK,71010,24440,13.42,src-1b7bc1c9d39a,minor,
IN-AC-1976-tamil-nadu-121,tamil-nadu,2001,BHAVANI,182155,110671,60.76,KARUPPANNAN. K.C.,parties.IN.AIADMK,ADMK,64405,58.2,SUDHANANDHEN.J.,parties.IN.PNK,PNK,31546,32859,29.7,src-1b7bc1c9d39a,minor,
IN-AC-1976-tamil-nadu-122,tamil-nadu,2001,ANDHIYUR,173432,98269,56.66,KRISHNAN.R,parties.IN.PMK,PMK,53436,54.38,SELVARASU.P,parties.IN.DMK,DMK,35374,18062,18.38,src-1b7bc1c9d39a,minor,
IN-AC-1976-tamil-nadu-123,tamil-nadu,2001,GOBICHETTIPALAYAM,165548,106612,64.4,RAMANEEDHARAN. S.S.,parties.IN.AIADMK,ADMK,60826,57.05,SHANMUGASUNDRAM.V.P,parties.IN.DMK,DMK,31881,28945,27.15,src-1b7bc1c9d39a,minor,
IN-AC-1976-tamil-nadu-124,tamil-nadu,2001,BHAVANISAGAR,180170,113036,62.74,CHITHAMBARAM. P.,parties.IN.AIADMK,ADMK,53879,47.67,SUBRAMANIAM. O.,parties.IN.DMK,DMK,43604,10275,9.09,src-1b7bc1c9d39a,minor,
IN-AC-1976-tamil-nadu-125,tamil-nadu,2001,SATHYAMANGALAM,174264,103903,59.62,KANDASAMY K.R.,parties.IN.AIADMK,ADMK,54252,52.21,RAJENDRAN S.K.,parties.IN.DMK,DMK,20818,33434,32.17,src-1b7bc1c9d39a,minor,
IN-AC-1976-tamil-nadu-126,tamil-nadu,2001,COONOOR,179568,95155,52.99,KANDASAMY K,parties.IN.TMC_M,TMC(M),53156,55.86,MAHALIAPPAN E.M.,parties.IN.DMK,DMK,36512,16644,17.49,src-1b7bc1c9d39a,minor,
IN-AC-1976-tamil-nadu-127,tamil-nadu,2001,OOTACAMUND,184958,95538,51.65,RAJU H.M,parties.IN.INC,INC,59872,62.67,HUTCHI GOWDER.J,parties.IN.BJP,BJP,30782,29090,30.45,src-1b7bc1c9d39a,minor,
IN-AC-1976-tamil-nadu-128,tamil-nadu,2001,GUDALUR,229078,137215,59.9,A. MILLER,parties.IN.AIADMK,ADMK,78809,57.43,PANDIARAJ M.,parties.IN.DMK,DMK,46116,32693,23.82,src-1b7bc1c9d39a,minor,
IN-AC-1976-tamil-nadu-129,tamil-nadu,2001,PALANI,187939,114311,60.82,CHINNASAMY .M,parties.IN.AIADMK,ADMK,63611,55.65,POOVENDHAN .T,parties.IN.DMK,DMK,43124,20487,17.92,src-1b7bc1c9d39a,minor,
IN-AC-1976-tamil-nadu-13,tamil-nadu,2001,MYLAPORE,288708,119385,41.35,LAKSHMANAN.K.N,parties.IN.BJP,BJP,60996,51.09,MAITREYAN.V,parties.IN.AIADMK,ADMK,54949,6047,5.06,src-1b7bc1c9d39a,minor,
IN-AC-1976-tamil-nadu-130,tamil-nadu,2001,ODDANCHATRAM,176900,114010,64.45,CHAKKARAPANI. ARA.,parties.IN.DMK,DMK,52896,46.4,SELLASAMY . A..T.,parties.IN.AIADMK,ADMK,51527,1369,1.2,src-1b7bc1c9d39a,minor,
IN-AC-1976-tamil-nadu-131,tamil-nadu,2001,PERIYAKULAM,203946,114463,56.12,PANNEER SELVAM O,parties.IN.AIADMK,ADMK,62125,54.28,ABUTHAHIR M,parties.IN.DMK,DMK,44205,17920,15.66,src-1b7bc1c9d39a,minor,
IN-AC-1976-tamil-nadu-132,tamil-nadu,2001,THENI,199675,122973,61.59,GANESAN D,parties.IN.AIADMK,ADMK,60115,48.88,MOOKAIAH L,parties.IN.DMK,DMK,46254,13861,11.27,src-1b7bc1c9d39a,minor,
IN-AC-1976-tamil-nadu-133,tamil-nadu,2001,BODINAYAKKANUR,181022,106957,59.09,RAMARAJ.S,parties.IN.AIADMK,ADMK,53410,49.94,SUDALAIMUTHU.A,parties.IN.DMK,DMK,42132,11278,10.55,src-1b7bc1c9d39a,minor,
IN-AC-1976-tamil-nadu-134,tamil-nadu,2001,CUMBUM,182109,112001,61.5,RAMACHANDRAN O.R,parties.IN.TMC_M,TMC(M),56823,50.73,KRISHNAKUMAR N.K.R,parties.IN.BJP,BJP,52437,4386,3.91,src-1b7bc1c9d39a,minor,
IN-AC-1976-tamil-nadu-135,tamil-nadu,2001,ANDIPATTI,191451,113080,59.06,THANGA TAMIL SELVAN,parties.IN.AIADMK,ADMK,60817,53.78,AASIYAN.P,parties.IN.DMK,DMK,35808,25009,22.11,src-1b7bc1c9d39a,minor,
IN-AC-1976-tamil-nadu-136,tamil-nadu,2001,SEDAPATTI,148582,95548,64.31,DURAIRAJ C.,parties.IN.AIADMK,ADMK,45393,47.51,BAKTHAVATCHALAM P.V.,parties.IN.PT,PT,26958,18435,19.3,src-1b7bc1c9d39a,minor,
IN-AC-1976-tamil-nadu-137,tamil-nadu,2001,THIRUMANGALAM,168403,110268,65.48,KALIMUTHU K,parties.IN.AIADMK,ADMK,58080,52.67,OCHA THEVAR T,parties.IN.DMK,DMK,39918,18162,16.47,src-1b7bc1c9d39a,minor,
IN-AC-1976-tamil-nadu-138,tamil-nadu,2001,USILAMPATTI,164821,90594,54.97,SANTHANAM.L,parties.IN.AIFB,FBL,39248,43.32,RAMASAMY.S.O,parties.IN.DMK,DMK,30181,9067,10.01,src-1b7bc1c9d39a,minor,
IN-AC-1976-tamil-nadu-139,tamil-nadu,2001,NILAKOTTAI,175612,106303,60.53,ANBAZHAGAN.G,parties.IN.AIADMK,ADMK,60972,57.36,AYYAR.K,parties.IN.PT,PT,29478,31494,29.63,src-1b7bc1c9d39a,minor,
IN-AC-1976-tamil-nadu-14,tamil-nadu,2001,SAIDAPET,279266,129076,46.22,PERUMAL.V,parties.IN.DMK,DMK,62118,48.13,BASKARAN.C.R,parties.IN.PMK,PMK,58237,3881,3.01,src-1b7bc1c9d39a,minor,
IN-AC-1976-tamil-nadu-140,tamil-nadu,2001,SHOLAVANDAN,155871,105430,67.64,RAJANGAM .V.R.,parties.IN.AIADMK,ADMK,54392,51.59,MOORTHY .P.,parties.IN.DMK,DMK,34551,19841,18.82,src-1b7bc1c9d39a,minor,
IN-AC-1976-tamil-nadu-141,tamil-nadu,2001,TIRUPPARANKUNDRAM,303674,169969,55.97,SEENIVEL S.M.,parties.IN.AIADMK,ADMK,83167,48.93,RAMACHANDRAN C,parties.IN.DMK,DMK,74040,9127,5.37,src-1b7bc1c9d39a,minor,
IN-AC-1976-tamil-nadu-142,tamil-nadu,2001,MADURAI WEST,205790,100840,49,VALARMATHIJEBARAJ.,parties.IN.AIADMK,ADMK,48465,48.06,PALANIVEL RAJAN P.T.R.,parties.IN.DMK,DMK,47757,708,0.7,src-1b7bc1c9d39a,minor,
IN-AC-1976-tamil-nadu-143,tamil-nadu,2001,MADURAI CENTRAL,141907,73912,52.08,HAKEEM.M.A,parties.IN.TMC_M,TMC(M),34393,46.53,PAULRAJ.S,parties.IN.DMK,DMK,34246,147,0.2,src-1b7bc1c9d39a,minor,
IN-AC-1976-tamil-nadu-144,tamil-nadu,2001,MADURAI EAST,136526,74980,54.92,NANMARAN .N,parties.IN.CPIM,CPM,32461,43.29,VELUSAMY .V,parties.IN.DMK,DMK,27157,5304,7.07,src-1b7bc1c9d39a,minor,
IN-AC-1976-tamil-nadu-145,tamil-nadu,2001,SAMAYANALLUR,354936,184277,51.92,PONNAMPALAM P.,parties.IN.AIADMK,ADMK,97060,52.67,KASTHURI SIVASAMY . S. TMT.,parties.IN.DMK,DMK,77136,19924,10.81,src-1b7bc1c9d39a,minor,
IN-AC-1976-tamil-nadu-146,tamil-nadu,2001,MELUR,188821,125241,66.33,SAMY.R,parties.IN.AIADMK,ADMK,58010,46.32,SAMAYANALLUR SELAVARASU.S,parties.IN.DMK,DMK,31172,26838,21.43,src-1b7bc1c9d39a,minor,
IN-AC-1976-tamil-nadu-147,tamil-nadu,2001,NATHAM,181487,112540,62.01,VISWANATHAN.R.,parties.IN.AIADMK,ADMK,55604,49.41,KRISHNAN. KU.PA.,parties.IN.TB,TB,45002,10602,9.42,src-1b7bc1c9d39a,minor,
IN-AC-1976-tamil-nadu-148,tamil-nadu,2001,DINDIGUL,279805,149877,53.56,NAGALAKSHIMI .K.,parties.IN.CPIM,CPM,71003,47.37,BASHEER AHMED . M.,parties.IN.DMK,DMK,68224,2779,1.85,src-1b7bc1c9d39a,minor,
IN-AC-1976-tamil-nadu-149,tamil-nadu,2001,ATHOOR,212758,130384,61.28,NATARAJAAN. P.K.T.,parties.IN.AIADMK,ADMK,64053,49.13,PERIASAMY. I,parties.IN.DMK,DMK,60447,3606,2.77,src-1b7bc1c9d39a,minor,
IN-AC-1976-tamil-nadu-15,tamil-nadu,2001,GUMMIDIPUNDI,209468,131019,62.55,SUDARSANAM.K.,parties.IN.AIADMK,ADMK,73467,56.07,VENU. K.,parties.IN.DMK,DMK,48509,24958,19.05,src-1b7bc1c9d39a,minor,
IN-AC-1976-tamil-nadu-150,tamil-nadu,2001,VEDASANDUR,216457,133475,61.66,ANDIVEL.P,parties.IN.AIADMK,ADMK,65415,49.01,KAVITHA PARTHIPAN.TMT.R,parties.IN.DMK,DMK,46289,19126,14.33,src-1b7bc1c9d39a,minor,
IN-AC-1976-tamil-nadu-151,tamil-nadu,2001,ARAVAKURICHI,176820,107301,60.68,LIYAUDEEN SAIT E.A,parties.IN.AIADMK,ADMK,51535,48.03,LAKSHMI DURAISAMY TMT.,parties.IN.DMK,DMK,33209,18326,17.08,src-1b7bc1c9d39a,minor,
IN-AC-1976-tamil-nadu-152,tamil-nadu,2001,KARUR,239674,153697,64.13,SIVASUBRAMANIAN.T.N.,parties.IN.INC,INC,82012,53.36,VASUKI MURUGESAN,parties.IN.DMK,DMK,58574,23438,15.25,src-1b7bc1c9d39a,minor,
IN-AC-1976-tamil-nadu-153,tamil-nadu,2001,KRISHNARAYAPURAM,176754,116247,65.77,SASIKALA R.,parties.IN.AIADMK,ADMK,64046,55.09,PERIYASAMY S.,parties.IN.DMK,DMK,42497,21549,18.53,src-1b7bc1c9d39a,minor,
IN-AC-1976-tamil-nadu-154,tamil-nadu,2001,MARUNGAPURI,192283,121688,63.29,CHELLIAH.V.A,parties.IN.AIADMK,ADMK,65619,53.92,SENGUTTUVAN.B.M.,parties.IN.DMK,DMK,40347,25272,20.76,src-1b7bc1c9d39a,minor,
IN-AC-1976-tamil-nadu-155,tamil-nadu,2001,KULITHALAI,179980,125810,69.9,PAPPASUNDARAM.A,parties.IN.AIADMK,ADMK,66406,52.78,THIRUNAVUKKARASU.D,parties.IN.DMK,DMK,49640,16766,13.32,src-1b7bc1c9d39a,minor,
IN-AC-1976-tamil-nadu-156,tamil-nadu,2001,THOTTIAM,174589,116337,66.63,ANNAVI .P,parties.IN.AIADMK,ADMK,57449,49.38,KANNAIYAN.K,parties.IN.DMK,DMK,44301,13148,11.3,src-1b7bc1c9d39a,minor,
IN-AC-1976-tamil-nadu-157,tamil-nadu,2001,UPPILIAPURAM,187653,116517,62.09,SAROJAA R.,parties.IN.AIADMK,ADMK,58810,50.47,RANI .R,parties.IN.DMK,DMK,46459,12351,10.6,src-1b7bc1c9d39a,minor,
IN-AC-1976-tamil-nadu-158,tamil-nadu,2001,MUSIRI,207941,137655,66.2,MALLIGA C.,parties.IN.AIADMK,ADMK,47946,34.83,S.VIVEKANANDAN,parties.IN.DMK,DMK,45952,1994,1.45,src-1b7bc1c9d39a,minor,
IN-AC-1976-tamil-nadu-159,tamil-nadu,2001,LALGUDI,184259,123719,67.14,BALAN .S.M.,parties.IN.AIADMK,ADMK,58288,47.11,NEHRU .K.N,parties.IN.DMK,DMK,56678,1610,1.3,src-1b7bc1c9d39a,minor,
IN-AC-1976-tamil-nadu-16,tamil-nadu,2001,PONNERI,243530,149143,61.24,KANNAN.A.S.,parties.IN.CPI,CPI,81408,54.58,SUNDARAM.K.,parties.IN.DMK,DMK,54018,27390,18.36,src-1b7bc1c9d39a,minor,
IN-AC-1976-tamil-nadu-160,tamil-nadu,2001,PERAMBALUR,202003,125499,62.13,RAJARETHINAM.P,parties.IN.AIADMK,ADMK,67074,53.45,VALLABAN.S,parties.IN.DMK,DMK,47070,20004,15.94,src-1b7bc1c9d39a,minor,
IN-AC-1976-tamil-nadu-161,tamil-nadu,2001,VARAHUR,178455,115731,64.85,ARUNACHALAM.A,parties.IN.AIADMK,ADMK,61064,52.76,THIRUVALLUVAN.K,parties.IN.DMK,DMK,47160,13904,12.01,src-1b7bc1c9d39a,minor,
IN-AC-1976-tamil-nadu-162,tamil-nadu,2001,ARIYALUR,182450,128384,70.37,ELAVAZHAGAN. P.,parties.IN.AIADMK,ADMK,52676,41.03,KATHIRAVAN. T.A.,parties.IN.DMK,DMK,42297,10379,8.08,src-1b7bc1c9d39a,minor,
IN-AC-1976-tamil-nadu-163,tamil-nadu,2001,ANDIMADAM,157834,112066,71,GURU ALIAS GURUNATHAN J.,parties.IN.PMK,PMK,66576,59.41,GNANAMOORTHY M.,parties.IN.DMK,DMK,39574,27002,24.1,src-1b7bc1c9d39a,minor,
IN-AC-1976-tamil-nadu-164,tamil-nadu,2001,JAYANKONDAM,178379,125359,70.28,ANNADURAI.S.,parties.IN.AIADMK,ADMK,70948,56.6,GANESAN K.C.,parties.IN.DMK,DMK,45938,25010,19.95,src-1b7bc1c9d39a,minor,
IN-AC-1976-tamil-nadu-165,tamil-nadu,2001,SRIRANGAM,237683,137531,57.86,BALASUBRAMANIAN.K.K,parties.IN.AIADMK,ADMK,72993,53.07,SOUNDARAPANDIAN.M,parties.IN.BJP,BJP,60317,12676,9.21,src-1b7bc1c9d39a,minor,
IN-AC-1976-tamil-nadu-166,tamil-nadu,2001,TIRUCHIRAPALLI-I,128234,73192,57.08,PARANIKUMOR. B.,parties.IN.DMK,DMK,31421,42.93,KADHER MOHIDEEN. M.,parties.IN.IUML,MUL,30497,924,1.26,src-1b7bc1c9d39a,minor,
IN-AC-1976-tamil-nadu-167,tamil-nadu,2001,TIRUCHIRAPALLI-II,204762,108715,53.09,ANBIL PERIASAMY,parties.IN.DMK,DMK,56598,52.06,SELVARAJ P.C.,parties.IN.INC,INC,42654,13944,12.83,src-1b7bc1c9d39a,minor,
IN-AC-1976-tamil-nadu-168,tamil-nadu,2001,THIRUVERAMBUR,262074,129508,49.42,SEKARAN K.N.,parties.IN.DMK,DMK,61254,47.3,RANGARAJAN T.K.,parties.IN.CPIM,CPM,50881,10373,8.01,src-1b7bc1c9d39a,minor,
IN-AC-1976-tamil-nadu-169,tamil-nadu,2001,SIRKALI,165329,106988,64.71,CHANDRAMOHAN.N,parties.IN.AIADMK,ADMK,52759,49.31,IRAI EZHIL.J.TMT.,parties.IN.DMK,DMK,48329,4430,4.14,src-1b7bc1c9d39a,minor,
IN-AC-1976-tamil-nadu-17,tamil-nadu,2001,THIRUVOTTIYUR,432947,207167,47.85,ARUMUGAM.T,parties.IN.AIADMK,ADMK,113808,54.94,KUMARI ANANDAN,parties.IN.IND,IND,79767,34041,16.44,src-1b7bc1c9d39a,minor,
IN-AC-1976-tamil-nadu-170,tamil-nadu,2001,POOMPUHAR,158741,106353,67,RENGANATHAN.N,parties.IN.AIADMK,ADMK,53760,50.55,MOHAMMED SIDDIQ.M,parties.IN.DMK,DMK,46305,7455,7.01,src-1b7bc1c9d39a,minor,
IN-AC-1976-tamil-nadu-171,tamil-nadu,2001,MAYURAM,171477,103626,60.43,VEERAPANDIAN.JAGA,parties.IN.BJP,BJP,51303,49.51,SELVARAJ.R,parties.IN.AIADMK,ADMK,48851,2452,2.37,src-1b7bc1c9d39a,minor,
IN-AC-1976-tamil-nadu-172,tamil-nadu,2001,KUTTALAM,166639,114965,68.99,NATARAJAN,parties.IN.AIADMK,ADMK,55921,48.64,KALYANAM.P.,parties.IN.DMK,DMK,53277,2644,2.3,src-1b7bc1c9d39a,minor,
IN-AC-1976-tamil-nadu-173,tamil-nadu,2001,NANNILAM,171039,113751,66.51,TAMIZHARASAN C.K.,parties.IN.TMC_M,TMC(M),52450,46.11,SAKTHIVEL P,parties.IN.DMK,DMK,33238,19212,16.89,src-1b7bc1c9d39a,minor,
IN-AC-1976-tamil-nadu-174,tamil-nadu,2001,TIRUVARUR,183974,122652,66.67,ASOKAN. A.,parties.IN.DMK,DMK,58425,47.63,RENGASAMY .K.,parties.IN.CPIM,CPM,57111,1314,1.07,src-1b7bc1c9d39a,minor,
IN-AC-1976-tamil-nadu-175,tamil-nadu,2001,NAGAPATTINAM,167176,111676,66.8,JEEVANANTHAM R,parties.IN.AIADMK,ADMK,59808,53.55,THANGAIYA S.P,parties.IN.DMK,DMK,43091,16717,14.96,src-1b7bc1c9d39a,minor,
IN-AC-1976-tamil-nadu-176,tamil-nadu,2001,VEDARANYAM,159591,118353,74.16,VEDARATHINAM .S.K,parties.IN.DMK,DMK,63568,53.71,MUTHARASAN.R,parties.IN.CPI,CPI,48568,15000,12.67,src-1b7bc1c9d39a,minor,
IN-AC-1976-tamil-nadu-177,tamil-nadu,2001,TIRUTHURAIPUNDI,182303,129416,70.99,PALANISAMY . G,parties.IN.CPI,CPI,73451,56.76,POONGUZHALI. M,parties.IN.DMK,DMK,48392,25059,19.37,src-1b7bc1c9d39a,minor,
IN-AC-1976-tamil-nadu-178,tamil-nadu,2001,MANNARGUDI,185994,125256,67.34,SIVAPUNNIYAM .V,parties.IN.CPI,CPI,70644,56.4,GNANASEKARAN.S,parties.IN.BJP,BJP,50454,20190,16.12,src-1b7bc1c9d39a,minor,
IN-AC-1976-tamil-nadu-179,tamil-nadu,2001,PATTUKKOTTAI,192049,116819,60.83,RENGARAJAN N.R.,parties.IN.TMC_M,TMC(M),55474,47.49,BALASUBRAMANIAN P,parties.IN.DMK,DMK,48524,6950,5.95,src-1b7bc1c9d39a,minor,
IN-AC-1976-tamil-nadu-18,tamil-nadu,2001,VILLIVAKKAM,819547,341835,41.71,NEPOLEON .D,parties.IN.DMK,DMK,164787,48.21,CHELLAKUMAR.A.DR.,parties.IN.TMC_M,TMC(M),155557,9230,2.7,src-1b7bc1c9d39a,minor,
IN-AC-1976-tamil-nadu-180,tamil-nadu,2001,PERAVURANI,168212,117137,69.64,THIRUGNANA SAMBANDHAM S.V.,parties.IN.TMC_M,TMC(M),64076,54.7,CHELLAIAH.KUZHA,parties.IN.DMK,DMK,35417,28659,24.46,src-1b7bc1c9d39a,minor,
IN-AC-1976-tamil-nadu-181,tamil-nadu,2001,ORATHANAD,175921,119676,68.03,VAITHILINGAM. R,parties.IN.AIADMK,ADMK,63836,53.34,RAJAMANICKAM. P.,parties.IN.DMK,DMK,43992,19844,16.58,src-1b7bc1c9d39a,minor,
IN-AC-1976-tamil-nadu-182,tamil-nadu,2001,THIRUVONAM,195917,128509,65.59,RAJENDRAN. C,parties.IN.AIADMK,ADMK,67094,52.21,RAMACHANDRAN. M,parties.IN.DMK,DMK,55871,11223,8.73,src-1b7bc1c9d39a,minor,
IN-AC-1976-tamil-nadu-183,tamil-nadu,2001,THANJAVUR,224016,109460,48.86,UBAYADULLAH. S.N.M,parties.IN.DMK,DMK,55782,50.96,RAJMOHAN. R,parties.IN.INC,INC,46192,9590,8.76,src-1b7bc1c9d39a,minor,
IN-AC-1976-tamil-nadu-184,tamil-nadu,2001,TIRUVAIYARU,156668,101519,64.8,AYYARU VANDAYAR K.,parties.IN.AIADMK,ADMK,55579,54.75,CHANDRASEKARAN DURAI,parties.IN.DMK,DMK,39890,15689,15.46,src-1b7bc1c9d39a,minor,
IN-AC-1976-tamil-nadu-185,tamil-nadu,2001,PAPANASAM,164795,110844,67.26,RAMKUMAR M,parties.IN.TMC_M,TMC(M),55830,50.37,KALYANASUNDARAM S,parties.IN.DMK,DMK,49198,6632,5.99,src-1b7bc1c9d39a,minor,
IN-AC-1976-tamil-nadu-186,tamil-nadu,2001,VALANGIMAN,142156,94385,66.4,BOOPATHI MARIAPPAN TMT,parties.IN.AIADMK,ADMK,54677,57.93,NADAIYAZHAGAN .T,parties.IN.PT,PT,31200,23477,24.87,src-1b7bc1c9d39a,minor,
IN-AC-1976-tamil-nadu-187,tamil-nadu,2001,KUMBAKONAM,196625,118242,60.14,MANI KO.SI.,parties.IN.DMK,DMK,60515,51.18,ERAMANATHAN.RAMA,parties.IN.AIADMK,ADMK,54019,6496,5.49,src-1b7bc1c9d39a,minor,
IN-AC-1976-tamil-nadu-188,tamil-nadu,2001,THIRUVIDAMARUDUR,167543,121942,72.78,THAVAMANI G.,parties.IN.AIADMK,ADMK,61235,50.22,S.RAMALINGAM,parties.IN.DMK,DMK,53863,7372,6.05,src-1b7bc1c9d39a,minor,
IN-AC-1976-tamil-nadu-189,tamil-nadu,2001,THIRUMAYAM,190112,113248,59.57,RADAKRISHNAN. M.,parties.IN.AIADMK,ADMK,58394,51.56,REGUPATHY .S.,parties.IN.DMK,DMK,46367,12027,10.62,src-1b7bc1c9d39a,minor,
IN-AC-1976-tamil-nadu-19,tamil-nadu,2001,ALANDUR,423174,198701,46.95,VALARMATHI B.,parties.IN.AIADMK,ADMK,94554,47.59,ERAAMA VEERAPPAN,parties.IN.MGRK,MGRK,81958,12596,6.34,src-1b7bc1c9d39a,minor,
IN-AC-1976-tamil-nadu-190,tamil-nadu,2001,KOLATHUR,209726,130460,62.2,KARUPPAYEE DR. A.,parties.IN.AIADMK,ADMK,80855,61.98,PALANIAPPAN ALIAS PURACHI KAVIDASAN M,parties.IN.PT,PT,33956,46899,35.95,src-1b7bc1c9d39a,minor,
IN-AC-1976-tamil-nadu-191,tamil-nadu,2001,PUDUKKOTTAI,221966,143864,64.81,DR. VIJAYABASKER.C,parties.IN.AIADMK,ADMK,77627,53.96,PERIYANNAN ARASU,parties.IN.DMK,DMK,49444,28183,19.59,src-1b7bc1c9d39a,minor,
IN-AC-1976-tamil-nadu-192,tamil-nadu,2001,ALANGUDI,203850,139735,68.55,VENKADACHALAM.A.,parties.IN.AIADMK,ADMK,59631,42.67,SOOSAIRAJ .S.A.,parties.IN.DMK,DMK,42900,16731,11.97,src-1b7bc1c9d39a,minor,
IN-AC-1976-tamil-nadu-193,tamil-nadu,2001,ARANTANGI,221413,127204,57.45,ARASAN P.,parties.IN.MADMK,MADMK,58499,45.99,CHANDRASEKARAN. A,parties.IN.INC,INC,38481,20018,15.74,src-1b7bc1c9d39a,minor,
IN-AC-1976-tamil-nadu-194,tamil-nadu,2001,TIRUPPATTUR,146691,98617,67.23,UMADHEVAN. KK,parties.IN.AIADMK,ADMK,50165,50.87,SIVARAMAN. R.,parties.IN.DMK,DMK,41075,9090,9.22,src-1b7bc1c9d39a,minor,
IN-AC-1976-tamil-nadu-195,tamil-nadu,2001,KARAIKUDI,189003,111753,59.13,RAJA. H,parties.IN.BJP,BJP,54093,48.4,UDAYAPPAN. SP,parties.IN.TMC_M,TMC(M),52442,1651,1.47,src-1b7bc1c9d39a,minor,
IN-AC-1976-tamil-nadu-196,tamil-nadu,2001,TIRUVADANAI,186083,111294,59.81,RAMASAMY K.R.,parties.IN.TMC_M,TMC(M),43536,39.12,JONES RUSSO,parties.IN.IND,IND,41232,2304,2.07,src-1b7bc1c9d39a,minor,
IN-AC-1976-tamil-nadu-197,tamil-nadu,2001,ILAYANGUDI,152529,94743,62.11,NADARAJAN. V.D.,parties.IN.AIADMK,ADMK,45342,47.86,KANNAPPAN. S,parties.IN.MTD,MTD,40660,4682,4.94,src-1b7bc1c9d39a,minor,
IN-AC-1976-tamil-nadu-198,tamil-nadu,2001,SIVAGANGA,183912,106230,57.76,CHANDRAN.V,parties.IN.AIADMK,ADMK,51708,48.68,KIRUTTINAN PASUMPON THA,parties.IN.DMK,DMK,47435,4273,4.03,src-1b7bc1c9d39a,minor,
IN-AC-1976-tamil-nadu-199,tamil-nadu,2001,MANAMADURAI,176612,99036,56.08,PARAMALAI.K,parties.IN.TMC_M,TMC(M),56508,57.06,KIRUBANIDHI..S.P,parties.IN.BJP,BJP,35651,20857,21.06,src-1b7bc1c9d39a,minor,
IN-AC-1976-tamil-nadu-2,tamil-nadu,2001,HARBOUR,129157,51563,39.92,ANBAZHAGAN.K,parties.IN.DMK,DMK,24225,46.98,PANDIAN.D,parties.IN.CPI,CPI,23889,336,0.65,src-1b7bc1c9d39a,minor,
IN-AC-1976-tamil-nadu-20,tamil-nadu,2001,TAMBARAM,776058,322120,41.51,VAIDIALINGAM M.A.,parties.IN.DMK,DMK,150961,46.86,CHAKKARAIPANI REDDIAR THIRU .K.,parties.IN.TMC_M,TMC(M),145530,5431,1.68,src-1b7bc1c9d39a,minor,
IN-AC-1976-tamil-nadu-200,tamil-nadu,2001,PARAMAKUDI,181847,108410,59.62,RAMPRABHU R,parties.IN.TMC_M,TMC(M),53746,49.58,CHELLIAH S,parties.IN.PT,PT,47939,5807,5.36,src-1b7bc1c9d39a,minor,
IN-AC-1976-tamil-nadu-201,tamil-nadu,2001,RAMANATHAPURAM,177797,119150,67.01,ANWER RHAZZA A,parties.IN.AIADMK,ADMK,59824,50.21,RAHMAN KHAN A,parties.IN.DMK,DMK,50712,9112,7.65,src-1b7bc1c9d39a,minor,
IN-AC-1976-tamil-nadu-202,tamil-nadu,2001,KADALADI,195964,106315,54.25,BALAKRISHNAN.S,parties.IN.TMC_M,TMC(M),51142,48.1,THANGAVELAN S.P,parties.IN.DMK,DMK,45027,6115,5.75,src-1b7bc1c9d39a,minor,
IN-AC-1976-tamil-nadu-203,tamil-nadu,2001,MUDUKULATHUR,177522,105458,59.41,PATINETAMPATIAN. K,parties.IN.AIADMK,ADMK,49554,46.99,PANDIAN.S.,parties.IN.MTD,MTD,46885,2669,2.53,src-1b7bc1c9d39a,minor,
IN-AC-1976-tamil-nadu-204,tamil-nadu,2001,ARUPPUKOTTAI,171719,107026,62.33,SIVASAMY K.K.,parties.IN.AIADMK,ADMK,49307,46.07,THANGAM THENNARASU,parties.IN.DMK,DMK,43155,6152,5.75,src-1b7bc1c9d39a,minor,
IN-AC-1976-tamil-nadu-205,tamil-nadu,2001,SATTUR,215350,135045,62.71,RAMACHANDRAN K.K.S.S.R,parties.IN.DMK,DMK,57953,42.91,RAJENDRAN A,parties.IN.INC,INC,53538,4415,3.27,src-1b7bc1c9d39a,minor,
IN-AC-1976-tamil-nadu-206,tamil-nadu,2001,VIRUDHUNAGAR,192478,115815,60.17,DAMODARAN S.,parties.IN.TMC_M,TMC(M),49413,42.67,A.R.R.SEENIVASAN,parties.IN.DMK,DMK,45396,4017,3.47,src-1b7bc1c9d39a,minor,
IN-AC-1976-tamil-nadu-207,tamil-nadu,2001,SIVAKASI,256918,155367,60.47,RAJAGOPAL A,parties.IN.TMC_M,TMC(M),65954,42.45,THANGARAJ V,parties.IN.DMK,DMK,60233,5721,3.68,src-1b7bc1c9d39a,minor,
IN-AC-1976-tamil-nadu-208,tamil-nadu,2001,SRIVILLIPUTHUR,199642,120994,60.61,ENBATHAMILAN. R.T.,parties.IN.AIADMK,ADMK,53095,43.88,MOHANRAJULU,parties.IN.BJP,BJP,43921,9174,7.58,src-1b7bc1c9d39a,minor,
IN-AC-1976-tamil-nadu-209,tamil-nadu,2001,RAJAPALAYAM,203123,129633,63.82,RAJASEKAR M.,parties.IN.AIADMK,ADMK,61740,47.63,RAJAN V.P.,parties.IN.DMK,DMK,52145,9595,7.4,src-1b7bc1c9d39a,minor,
IN-AC-1976-tamil-nadu-21,tamil-nadu,2001,TIRUPPORUR,235443,136747,58.08,KANITHA SAMPATH S,parties.IN.AIADMK,ADMK,74716,54.64,NAGARAJAN C,parties.IN.DMK,DMK,49926,24790,18.13,src-1b7bc1c9d39a,minor,
IN-AC-1976-tamil-nadu-210,tamil-nadu,2001,VILATHIKULAM,151571,92221,60.84,PERUMAL .N.K,parties.IN.AIADMK,ADMK,44415,48.16,RAJASEKARAN .R.K.P,parties.IN.DMK,DMK,29172,15243,16.53,src-1b7bc1c9d39a,minor,
IN-AC-1976-tamil-nadu-211,tamil-nadu,2001,POTTAPIDARAM,143277,90872,63.42,SIVAPERUMAL .A.,parties.IN.AIADMK,ADMK,39350,43.3,KRISHNASAMY DR. K.,parties.IN.PT,PT,38699,651,0.71,src-1b7bc1c9d39a,minor,
IN-AC-1976-tamil-nadu-212,tamil-nadu,2001,KOILPATTI,193861,113726,58.66,RAJENDRAN .S.,parties.IN.CPI,CPI,45796,40.27,RAJARAM .K,parties.IN.DMK,DMK,36757,9039,7.95,src-1b7bc1c9d39a,minor,
IN-AC-1976-tamil-nadu-213,tamil-nadu,2001,SANKARANAYANARKOIL,185591,119500,64.39,KARUPPASAMY C.,parties.IN.AIADMK,ADMK,52000,43.51,P.DURAISAMY,parties.IN.PT,PT,42738,9262,7.75,src-1b7bc1c9d39a,minor,
IN-AC-1976-tamil-nadu-214,tamil-nadu,2001,VASUDEVANALLUR,167586,102069,60.91,EASWARAN R,parties.IN.TMC_M,TMC(M),48019,47.05,THANGAPANDIAN S,parties.IN.PT,PT,36467,11552,11.32,src-1b7bc1c9d39a,minor,
IN-AC-1976-tamil-nadu-215,tamil-nadu,2001,KADAYANALLUR,174540,105822,60.63,SUBBIAH PANDIAN.M.,parties.IN.AIADMK,ADMK,48220,45.57,SHAHUL P.M.,parties.IN.DMK,DMK,46976,1244,1.18,src-1b7bc1c9d39a,minor,
IN-AC-1976-tamil-nadu-216,tamil-nadu,2001,TENKASI,190762,121473,63.68,ANNAMALAI.K.,parties.IN.AIADMK,ADMK,62454,51.41,KARUPPASAMI PANDIAN.V.,parties.IN.DMK,DMK,53662,8792,7.23,src-1b7bc1c9d39a,minor,
IN-AC-1976-tamil-nadu-217,tamil-nadu,2001,ALANGULAM,182877,119509,65.35,RAJENDRAN .P.G.,parties.IN.AIADMK,ADMK,58498,48.95,ALADI ARUNA,parties.IN.DMK,DMK,54387,4111,3.44,src-1b7bc1c9d39a,minor,
IN-AC-1976-tamil-nadu-218,tamil-nadu,2001,TIRUNELVELI,196785,104492,53.1,NAINAR NAGENDRAN.,parties.IN.AIADMK,ADMK,42765,40.93,SUBRAMANIAN.A.L.,parties.IN.DMK,DMK,42043,722,0.69,src-1b7bc1c9d39a,minor,
IN-AC-1976-tamil-nadu-219,tamil-nadu,2001,PALAYAMCOTTAI,214114,105282,49.17,MOHIDEEN KHAN.T.P.M,parties.IN.DMK,DMK,55934,53.13,MUTHU KARUPPAN.S,parties.IN.AIADMK,ADMK,41186,14748,14.01,src-1b7bc1c9d39a,minor,
IN-AC-1976-tamil-nadu-22,tamil-nadu,2001,CHENGALPATTU,204010,120607,59.12,ARUMUGAM K,parties.IN.PMK,PMK,52465,43.5,VISWANATHAN V,parties.IN.DMK,DMK,47316,5149,4.27,src-1b7bc1c9d39a,minor,
IN-AC-1976-tamil-nadu-220,tamil-nadu,2001,CHERANMAHADEVI,154502,93200,60.32,PAUL MANOJ PANDIAN.P.H.,parties.IN.AIADMK,ADMK,49873,53.51,CHOCKALINGAM.N.,parties.IN.BJP,BJP,38898,10975,11.77,src-1b7bc1c9d39a,minor,
IN-AC-1976-tamil-nadu-221,tamil-nadu,2001,AMBASAMUDRAM,154974,89554,57.79,SAKTHIVEL MURUGAN.M.,parties.IN.AIADMK,ADMK,43021,48.04,AVUDAIAPPAN.R,parties.IN.DMK,DMK,39001,4020,4.49,src-1b7bc1c9d39a,minor,
IN-AC-1976-tamil-nadu-222,tamil-nadu,2001,NANGUNERI,174269,90450,51.9,MANICKARAJ.S.,parties.IN.AIADMK,ADMK,46619,51.54,RAMACHANDRAN.V,parties.IN.MTD,MTD,37458,9161,10.13,src-1b7bc1c9d39a,minor,
IN-AC-1976-tamil-nadu-223,tamil-nadu,2001,RADHAPURAM,181038,98284,54.29,APPAVU .M,parties.IN.IND,IND,44619,45.4,JOTHI .S,parties.IN.PMK,PMK,26338,18281,18.6,src-1b7bc1c9d39a,minor,
IN-AC-1976-tamil-nadu-224,tamil-nadu,2001,SATTANGULAM,171481,77521,45.21,MANINADAR .S.S,parties.IN.TMC_M,TMC(M),38308,49.42,RAJAKKANNAN. A.N.,parties.IN.BJP,BJP,32542,5766,7.44,src-1b7bc1c9d39a,minor,
IN-AC-1976-tamil-nadu-225,tamil-nadu,2001,TIRUCHENDUR,191358,99957,52.24,ANITHA.R. RADHAKRISHNAN.,parties.IN.AIADMK,ADMK,52990,53.01,TMT. JENIFER CHANDRAN. S.,parties.IN.DMK,DMK,41797,11193,11.2,src-1b7bc1c9d39a,minor,
IN-AC-1976-tamil-nadu-226,tamil-nadu,2001,SRIVAIKUNTAM,161095,85321,52.96,SHUNMUGANATHAN.S.P,parties.IN.AIADMK,ADMK,39739,46.58,DAVID SELWYN.S,parties.IN.DMK,DMK,36853,2886,3.39,src-1b7bc1c9d39a,minor,
IN-AC-1976-tamil-nadu-227,tamil-nadu,2001,TUTICORIN,285292,142582,49.98,RAJAMMAL.S,parties.IN.AIADMK,ADMK,73286,51.4,PERIASAMY.N,parties.IN.DMK,DMK,57100,16186,11.35,src-1b7bc1c9d39a,minor,
IN-AC-1976-tamil-nadu-228,tamil-nadu,2001,KANNIYAKUMARI,188205,108443,57.62,THALAVAISUNDARAM.N,parties.IN.AIADMK,ADMK,55650,51.32,SURESHRAJAN.N,parties.IN.DMK,DMK,46114,9536,8.8,src-1b7bc1c9d39a,minor,
IN-AC-1976-tamil-nadu-229,tamil-nadu,2001,NAGERCOIL,219583,110147,50.16,AUSTIN,parties.IN.MADMK,MADMK,48583,44.11,MOSES.M.,parties.IN.TMC_M,TMC(M),44921,3662,3.33,src-1b7bc1c9d39a,minor,
IN-AC-1976-tamil-nadu-23,tamil-nadu,2001,MADURANTHAKAM,181901,112730,61.97,VASUDEVAN .P.,parties.IN.AIADMK,ADMK,57610,51.1,UGAMCHAND .S.D.,parties.IN.DMK,DMK,45916,11694,10.37,src-1b7bc1c9d39a,minor,
IN-AC-1976-tamil-nadu-230,tamil-nadu,2001,COLACHEL,183117,91623,50.04,PACHAMAL T.,parties.IN.AIADMK,ADMK,42354,46.23,R. SAMBATH CHANDRA,parties.IN.MDMK,MDMK,27265,15089,16.47,src-1b7bc1c9d39a,minor,
IN-AC-1976-tamil-nadu-231,tamil-nadu,2001,PADMANABHAPURAM,163430,84349,51.61,RAAJENDRAPRASAD.K.P,parties.IN.AIADMK,ADMK,36223,42.94,VELAYUTHAN.C,parties.IN.BJP,BJP,33449,2774,3.28,src-1b7bc1c9d39a,minor,
IN-AC-1976-tamil-nadu-232,tamil-nadu,2001,THIRUVATTAR,169027,95507,56.5,HEMACHANDRAN.J.,parties.IN.CPIM,CPM,47807,50.06,RAJAMONY.P.,parties.IN.BJP,BJP,28310,19497,20.42,src-1b7bc1c9d39a,minor,
IN-AC-1976-tamil-nadu-233,tamil-nadu,2001,VILAVANCODE,202315,104113,51.46,MONY.D.,parties.IN.CPIM,CPM,59087,56.75,JEEVARAJ.P.,parties.IN.DMK,DMK,36168,22919,22.01,src-1b7bc1c9d39a,minor,
IN-AC-1976-tamil-nadu-234,tamil-nadu,2001,KILLIYOOR,159720,81525,51.04,KUMARADAS DR.,parties.IN.TMC_M,TMC(M),40075,49.16,SANTHAKUMAR C,parties.IN.BJP,BJP,26315,13760,16.88,src-1b7bc1c9d39a,minor,
IN-AC-1976-tamil-nadu-24,tamil-nadu,2001,ACHARAPAKKAM,167541,100793,60.16,SELVARAJ.A,parties.IN.PMK,PMK,54114,53.69,MURUGESAN. T.DR.,parties.IN.DMK,DMK,38636,15478,15.36,src-1b7bc1c9d39a,minor,
IN-AC-1976-tamil-nadu-25,tamil-nadu,2001,UTHIRAMERUR,196375,130716,66.56,SOMASUNDARAM. V,parties.IN.AIADMK,ADMK,73824,56.48,SUNDAR. K,parties.IN.DMK,DMK,46202,27622,21.13,src-1b7bc1c9d39a,minor,
IN-AC-1976-tamil-nadu-26,tamil-nadu,2001,KANCHEEPURAM,251748,150953,59.96,THIRUNAVUKKARASU SS,parties.IN.AIADMK,ADMK,84246,55.81,SEKAR A,parties.IN.DMK,DMK,60643,23603,15.64,src-1b7bc1c9d39a,minor,
IN-AC-1976-tamil-nadu-27,tamil-nadu,2001,SRIPERUMBUDUR,222968,141515,63.47,YASODHA D,parties.IN.INC,INC,70663,49.93,RAGHAVAN M,parties.IN.DMK,DMK,53470,17193,12.15,src-1b7bc1c9d39a,minor,
IN-AC-1976-tamil-nadu-28,tamil-nadu,2001,POONAMALLEE,306344,165860,54.14,SHANMUGAM S,parties.IN.PMK,PMK,62220,37.51,CHEZHIYAN S,parties.IN.DMK,DMK,59904,2316,1.39,src-1b7bc1c9d39a,minor,
IN-AC-1976-tamil-nadu-29,tamil-nadu,2001,TIRUVALLUR,193411,111648,57.73,SUDHARSANAM.D,parties.IN.TMC_M,TMC(M),47899,42.9,RAJENDIRAN. V.G.,parties.IN.PNK,PNK,27948,19951,17.87,src-1b7bc1c9d39a,minor,
IN-AC-1976-tamil-nadu-3,tamil-nadu,2001,DR. RADHAKRISHNAN NAGAR,272666,128175,47.01,SEKAR BABU.P.K,parties.IN.AIADMK,ADMK,74888,58.43,SARGUNA PANDIAN.S.P,parties.IN.DMK,DMK,47556,27332,21.33,src-1b7bc1c9d39a,minor,
IN-AC-1976-tamil-nadu-30,tamil-nadu,2001,TIRUTTANI,173980,117063,67.29,RAVIRAJ G,parties.IN.PMK,PMK,58549,50.01,SHIVAJI E.A.P.,parties.IN.DMK,DMK,44675,13874,11.85,src-1b7bc1c9d39a,minor,
IN-AC-1976-tamil-nadu-31,tamil-nadu,2001,PALLIPET,183742,126037,68.59,NARASIMHAN .P.M,parties.IN.AIADMK,ADMK,62289,49.42,CHAKRAVARTHY .M,parties.IN.BJP,BJP,34049,28240,22.4,src-1b7bc1c9d39a,minor,
IN-AC-1976-tamil-nadu-32,tamil-nadu,2001,ARKONAM,191523,121690,63.54,BHAVANI KARUNAKARAN .K,parties.IN.AIADMK,ADMK,67034,55.09,RAVISHANKAR R.,parties.IN.DMK,DMK,46778,20256,16.65,src-1b7bc1c9d39a,minor,
IN-AC-1976-tamil-nadu-33,tamil-nadu,2001,SHOLINGHUR,175100,124842,71.3,VILVANATHAN. R,parties.IN.AIADMK,ADMK,62576,50.12,PONNURANGAM. A.M.,parties.IN.PNK,PNK,52781,9795,7.84,src-1b7bc1c9d39a,minor,
IN-AC-1976-tamil-nadu-34,tamil-nadu,2001,RANIPET,227057,147686,65.04,CHANDRASEKARAN M.S.,parties.IN.AIADMK,ADMK,83250,56.37,GANDHI. R.,parties.IN.DMK,DMK,58287,24963,16.9,src-1b7bc1c9d39a,minor,
IN-AC-1976-tamil-nadu-35,tamil-nadu,2001,ARCOT,160346,110974,69.21,NEELAKANDAN P,parties.IN.AIADMK,ADMK,61474,55.39,SUNDARAMOORTHY A.K.,parties.IN.DMK,DMK,43767,17707,15.95,src-1b7bc1c9d39a,minor,
IN-AC-1976-tamil-nadu-36,tamil-nadu,2001,KATPADI,193925,129746,66.91,DURAIMURUGAN,parties.IN.DMK,DMK,64187,49.47,NATARAJAN A.K.,parties.IN.PMK,PMK,56185,8002,6.17,src-1b7bc1c9d39a,minor,
IN-AC-1976-tamil-nadu-37,tamil-nadu,2001,GUDIYATHAM,164937,107152,64.97,SURYAKALA C.M.,parties.IN.AIADMK,ADMK,61128,57.05,DURAISAMY .S,parties.IN.DMK,DMK,36804,24324,22.7,src-1b7bc1c9d39a,minor,
IN-AC-1976-tamil-nadu-38,tamil-nadu,2001,PERNAMBUT,181724,110658,60.89,KANAGATHARA (SELVI). C,parties.IN.AIADMK,ADMK,65366,59.07,THONDRAL NAYAGAN .S,parties.IN.BJP,BJP,36511,28855,26.08,src-1b7bc1c9d39a,minor,
IN-AC-1976-tamil-nadu-39,tamil-nadu,2001,VANIAYAMBADI,194773,112346,57.68,ABDUL LATHEEF. M.,parties.IN.IND,IND,54218,48.26,HAROON RASHEED. J.M.,parties.IN.DMK,DMK,42280,11938,10.63,src-1b7bc1c9d39a,minor,
IN-AC-1976-tamil-nadu-4,tamil-nadu,2001,PARK TOWN,140145,64268,45.86,VINAYAKAMURTHI S.G,parties.IN.TMC_M,TMC(M),33031,51.4,T.RAJHENDHARR.,parties.IN.DMK,DMK,26654,6377,9.93,src-1b7bc1c9d39a,minor,
IN-AC-1976-tamil-nadu-40,tamil-nadu,2001,NATRAMPALLI,202275,136938,67.7,NATARAJAN S,parties.IN.PMK,PMK,67046,48.96,ANBAZHAGAN T,parties.IN.MGRK,MGRK,54958,12088,8.83,src-1b7bc1c9d39a,minor,
IN-AC-1976-tamil-nadu-41,tamil-nadu,2001,TIRUPPATTUR,208277,129674,62.26,RAJA. T.K.,parties.IN.PMK,PMK,59840,46.15,ARASU. S.,parties.IN.DMK,DMK,54079,5761,4.45,src-1b7bc1c9d39a,minor,
IN-AC-1976-tamil-nadu-42,tamil-nadu,2001,CHENGAM,173711,111797,64.36,POLUR VARADHAN,parties.IN.INC,INC,54145,48.43,SHAMALA.R,parties.IN.MTD,MTD,41868,12277,10.98,src-1b7bc1c9d39a,minor,
IN-AC-1976-tamil-nadu-43,tamil-nadu,2001,THANDARAMBATTU,189344,130179,68.75,VELU,parties.IN.DMK,DMK,63599,48.86,MANIVARMA.K.,parties.IN.TMC_M,TMC(M),58762,4837,3.72,src-1b7bc1c9d39a,minor,
IN-AC-1976-tamil-nadu-44,tamil-nadu,2001,TIRUVANNAMALAI,223433,134281,60.1,PITCHANDI.K.,parties.IN.DMK,DMK,64115,47.75,SHUNMUGASUNDARAM.M.,parties.IN.PMK,PMK,60025,4090,3.05,src-1b7bc1c9d39a,minor,
IN-AC-1976-tamil-nadu-45,tamil-nadu,2001,KALASAPAKKAM,189131,130721,69.12,RAMACHANDRAN.S,parties.IN.AIADMK,ADMK,75880,58.05,THIRUVENGADAM P.S.,parties.IN.DMK,DMK,46990,28890,22.1,src-1b7bc1c9d39a,minor,
IN-AC-1976-tamil-nadu-46,tamil-nadu,2001,POLUR,175601,116298,66.23,NALINI MANOKARAN,parties.IN.AIADMK,ADMK,59678,51.31,ELUMALAI.C,parties.IN.DMK,DMK,48871,10807,9.29,src-1b7bc1c9d39a,minor,
IN-AC-1976-tamil-nadu-47,tamil-nadu,2001,ANAICUT,179523,109064,60.75,PANDURANGAN.K,parties.IN.AIADMK,ADMK,61333,56.24,MALARVIZHI.G,parties.IN.DMK,DMK,40282,21051,19.31,src-1b7bc1c9d39a,minor,
IN-AC-1976-tamil-nadu-48,tamil-nadu,2001,VELLORE,212486,115708,54.45,GNANASEKARAN.C,parties.IN.TMC_M,TMC(M),60697,52.46,RAMALINGAM..A.M,parties.IN.DMK,DMK,49573,11124,9.62,src-1b7bc1c9d39a,minor,
IN-AC-1976-tamil-nadu-49,tamil-nadu,2001,ARNI,188770,130201,68.97,RAMACHANDRAN.K.,parties.IN.AIADMK,ADMK,66371,50.98,SHANMUGAM A.C.,parties.IN.PNK,PNK,52889,13482,10.36,src-1b7bc1c9d39a,minor,
IN-AC-1976-tamil-nadu-5,tamil-nadu,2001,PERAMBUR,276886,132799,47.96,MAHENDRAN K.,parties.IN.CPIM,CPM,69613,52.42,CHENGAI SIVAM,parties.IN.DMK,DMK,52390,17223,12.97,src-1b7bc1c9d39a,minor,
IN-AC-1976-tamil-nadu-50,tamil-nadu,2001,CHEYYAR,171299,123026,71.82,ULAGARAKSHAGAN. P.S,parties.IN.PMK,PMK,62615,50.9,RAJARAJAN. R.K.P,parties.IN.DMK,DMK,50530,12085,9.83,src-1b7bc1c9d39a,minor,
IN-AC-1976-tamil-nadu-51,tamil-nadu,2001,VANDAVASI,179151,113490,63.35,MURUGAVELRAJAN.K,parties.IN.PMK,PMK,55773,49.14,LOGANATHAN .K.,parties.IN.DMK,DMK,46902,8871,7.81,src-1b7bc1c9d39a,minor,
IN-AC-1976-tamil-nadu-52,tamil-nadu,2001,PERANAMALLUR,174454,115355,66.12,ANBALAGAN.A.K.S,parties.IN.AIADMK,ADMK,52625,45.62,BOSE.B,parties.IN.MTD,MTD,44266,8359,7.25,src-1b7bc1c9d39a,minor,
IN-AC-1976-tamil-nadu-53,tamil-nadu,2001,MELMALAYANUR,169696,108413,63.89,TAMILMOZHI .R.,parties.IN.AIADMK,ADMK,55309,51.02,GNANASEKARAN DR.A.,parties.IN.DMK,DMK,30722,24587,22.68,src-1b7bc1c9d39a,minor,
IN-AC-1976-tamil-nadu-54,tamil-nadu,2001,GINGEE,181823,114094,62.75,ELUMALAI. V,parties.IN.AIADMK,ADMK,58564,51.33,RAJENDRAN ALIAS DHEERAN. A.,parties.IN.DMK,DMK,29478,29086,25.49,src-1b7bc1c9d39a,minor,
IN-AC-1976-tamil-nadu-55,tamil-nadu,2001,TINDIVANAM,164200,102956,62.7,SHANMUGM .C.VE.,parties.IN.AIADMK,ADMK,54884,53.31,SETHUNATHAN.R,parties.IN.DMK,DMK,42736,12148,11.8,src-1b7bc1c9d39a,minor,
IN-AC-1976-tamil-nadu-56,tamil-nadu,2001,VANUR,204268,122958,60.19,GANAPATHY N.,parties.IN.AIADMK,ADMK,68421,55.65,MYDILI R.,parties.IN.DMK,DMK,47072,21349,17.37,src-1b7bc1c9d39a,minor,
IN-AC-1976-tamil-nadu-57,tamil-nadu,2001,KANDAMANGALAM,189255,120045,63.43,SUBRAMANIAN.V,parties.IN.AIADMK,ADMK,67574,56.29,VIJAYARAGAVAN.E.,parties.IN.DMK,DMK,44946,22628,18.85,src-1b7bc1c9d39a,minor,
IN-AC-1976-tamil-nadu-58,tamil-nadu,2001,VILLUPURAM,225528,138453,61.39,PONMUDY.K,parties.IN.DMK,DMK,65693,47.45,R.PASUPATHY,parties.IN.PMK,PMK,63488,2205,1.59,src-1b7bc1c9d39a,minor,
IN-AC-1976-tamil-nadu-59,tamil-nadu,2001,MUGAIYUR,179691,112063,62.36,GOTHANDARAMAN G.,parties.IN.AIADMK,ADMK,57484,51.3,A.GEE.SAMPATH,parties.IN.DMK,DMK,47143,10341,9.23,src-1b7bc1c9d39a,minor,
IN-AC-1976-tamil-nadu-6,tamil-nadu,2001,PURASAWALKAM,307376,143574,46.71,RANGANATHAN B,parties.IN.DMK,DMK,69681,48.53,VETRIIVEL P,parties.IN.TMC_M,TMC(M),65879,3802,2.64,src-1b7bc1c9d39a,minor,
IN-AC-1976-tamil-nadu-60,tamil-nadu,2001,THIRUNAVALUR,166402,112579,67.65,GNANAMOORTHY.K.G.P.,parties.IN.AIADMK,ADMK,59115,52.51,MANIKKANNAN.A.J.,parties.IN.DMK,DMK,44342,14773,13.12,src-1b7bc1c9d39a,minor,
IN-AC-1976-tamil-nadu-61,tamil-nadu,2001,ULUNDURPET,213972,133213,62.26,RAMU.N.,parties.IN.AIADMK,ADMK,73384,55.09,THIRUNAVUKKARASU.K.,parties.IN.DMK,DMK,50630,22754,17.08,src-1b7bc1c9d39a,minor,
IN-AC-1976-tamil-nadu-62,tamil-nadu,2001,NELLIKUPPAM,160479,110631,68.94,SAMPATH. M.C.,parties.IN.AIADMK,ADMK,56349,50.93,SHANMUGHAM.V.C.,parties.IN.DMK,DMK,48967,7382,6.67,src-1b7bc1c9d39a,minor,
IN-AC-1976-tamil-nadu-63,tamil-nadu,2001,CUDDALORE,212016,119862,56.53,PUGAZHENDI .E,parties.IN.DMK,DMK,54671,45.61,VENKATESAN .P.R.S.,parties.IN.TMC_M,TMC(M),54637,34,0.03,src-1b7bc1c9d39a,minor,
IN-AC-1976-tamil-nadu-64,tamil-nadu,2001,PANRUTI,168037,122003,72.6,VELMURUGAN .T.,parties.IN.PMK,PMK,45963,37.67,RAMASWAMY .V.,parties.IN.DMK,DMK,40915,5048,4.13,src-1b7bc1c9d39a,minor,
IN-AC-1976-tamil-nadu-65,tamil-nadu,2001,KURINJIPADI,194949,117283,60.16,PANNEER SELVAM M.R.K,parties.IN.DMK,DMK,65425,55.78,SIVASUBRAMANIAN K,parties.IN.AIADMK,ADMK,41562,23863,20.34,src-1b7bc1c9d39a,minor,
IN-AC-1976-tamil-nadu-66,tamil-nadu,2001,BHUVANAGIRI,173785,110930,63.83,ARUL .P.S,parties.IN.IND,IND,49753,44.85,GOPALAKRISHANAN.M,parties.IN.MTD,MTD,45989,3764,3.39,src-1b7bc1c9d39a,minor,
IN-AC-1976-tamil-nadu-67,tamil-nadu,2001,KATTUMANNARKOIL,159810,100139,62.66,VALLALPERUMAN. P.,parties.IN.DMK,DMK,55444,55.37,SACHITHANANDAM.R.,parties.IN.INC,INC,38927,16517,16.5,src-1b7bc1c9d39a,minor,
IN-AC-1976-tamil-nadu-68,tamil-nadu,2001,CHIDAMBARAM,167006,103702,62.09,SARAVANAN DURAI K.,parties.IN.DMK,DMK,54647,52.7,T.ARIVUSELVAN,parties.IN.PMK,PMK,42732,11915,11.49,src-1b7bc1c9d39a,minor,
IN-AC-1976-tamil-nadu-69,tamil-nadu,2001,VRIDHACHALAM,202466,137440,67.88,GOVINDASAMY. DR.R,parties.IN.PMK,PMK,68905,50.13,KUZHANDAI TAMIZHARASAN.,parties.IN.DMK,DMK,61777,7128,5.18,src-1b7bc1c9d39a,minor,
IN-AC-1976-tamil-nadu-7,tamil-nadu,2001,EGMORE,155310,69590,44.81,PARITHI.ELLAMVAZHUTHI,parties.IN.DMK,DMK,33189,47.69,B.JOHN PANDIAN,parties.IN.AIADMK,ADMK,33103,86,0.12,src-1b7bc1c9d39a,minor,
IN-AC-1976-tamil-nadu-70,tamil-nadu,2001,MANGALORE,194908,135016,69.27,THIRUMAVALAVAN. E.R.A,parties.IN.DMK,DMK,64627,47.87,PURATCHIMANI. S,parties.IN.TMC_M,TMC(M),62772,1855,1.38,src-1b7bc1c9d39a,minor,
IN-AC-1976-tamil-nadu-71,tamil-nadu,2001,RISHIVANDIAM,174987,109045,62.32,SIVARAJ S.,parties.IN.TMC_M,TMC(M),57108,52.37,T.K.T MURALI,parties.IN.PNK,PNK,31576,25532,23.41,src-1b7bc1c9d39a,minor,
IN-AC-1976-tamil-nadu-72,tamil-nadu,2001,CHINNASALEM,183679,117916,64.2,MOHAN .P,parties.IN.AIADMK,ADMK,60554,51.35,MOOKKAPPAN. .R,parties.IN.DMK,DMK,51442,9112,7.72,src-1b7bc1c9d39a,minor,
IN-AC-1976-tamil-nadu-73,tamil-nadu,2001,SANKARAPURAM,196533,126271,64.25,KASAMPU.P.,parties.IN.PMK,PMK,56971,45.12,UDHAYASURIYAN.T.,parties.IN.DMK,DMK,55953,1018,0.81,src-1b7bc1c9d39a,minor,
IN-AC-1976-tamil-nadu-74,tamil-nadu,2001,HOSUR,235967,130163,55.16,GOPINATH .K,parties.IN.INC,INC,45865,35.24,VENKATASAMY B,parties.IN.BJP,BJP,39376,6489,4.99,src-1b7bc1c9d39a,minor,
IN-AC-1976-tamil-nadu-75,tamil-nadu,2001,THALLI,168962,95853,56.73,MURALI DHARAN.K.V.,parties.IN.BJP,BJP,36738,38.33,RAJA REDDY .S.,parties.IN.CPI,CPI,30521,6217,6.49,src-1b7bc1c9d39a,minor,
IN-AC-1976-tamil-nadu-76,tamil-nadu,2001,KAVERIPATTINAM,187940,122811,65.35,MUNUSAMY. K.P.,parties.IN.AIADMK,ADMK,67241,54.75,GOVINDASAMI. V.C.,parties.IN.DMK,DMK,48724,18517,15.08,src-1b7bc1c9d39a,minor,
IN-AC-1976-tamil-nadu-77,tamil-nadu,2001,KRISHNAGIRI,193656,115203,59.49,GOVINDARASU V.,parties.IN.AIADMK,ADMK,65197,56.59,T.SENGUTTUVAN,parties.IN.DMK,DMK,43424,21773,18.9,src-1b7bc1c9d39a,minor,
IN-AC-1976-tamil-nadu-78,tamil-nadu,2001,BARGUR,196078,123716,63.1,THAMBIDURAI.M,parties.IN.AIADMK,ADMK,82039,66.31,SUGAVANAM.E.G,parties.IN.DMK,DMK,32733,49306,39.85,src-1b7bc1c9d39a,minor,
IN-AC-1976-tamil-nadu-79,tamil-nadu,2001,HARUR,225920,132781,58.77,KRISHNAMOORTHY V,parties.IN.CPI,CPI,70433,53.04,PERIYASAMY D,parties.IN.DMK,DMK,36954,33479,25.21,src-1b7bc1c9d39a,minor,
IN-AC-1976-tamil-nadu-8,tamil-nadu,2001,ANNA NAGAR,376745,160469,42.59,ARCOT VEERASWAMI .N,parties.IN.DMK,DMK,77353,48.2,ARUMUGAM.C,parties.IN.PMK,PMK,71775,5578,3.47,src-1b7bc1c9d39a,minor,
IN-AC-1976-tamil-nadu-80,tamil-nadu,2001,MORAPPUR,180856,110577,61.14,PALANIAPPAN. P,parties.IN.AIADMK,ADMK,62266,56.31,RAJASEKARAN E.V.,parties.IN.DMK,DMK,38950,23316,21.09,src-1b7bc1c9d39a,minor,
IN-AC-1976-tamil-nadu-81,tamil-nadu,2001,PALACODE,202427,120685,59.62,ANBALAGAN K.P,parties.IN.AIADMK,ADMK,75284,62.38,VENKATACHALAM G.L.,parties.IN.DMK,DMK,35052,40232,33.34,src-1b7bc1c9d39a,minor,
IN-AC-1976-tamil-nadu-82,tamil-nadu,2001,DHARMAPURI,225468,120346,53.38,PARY MOHAN .K,parties.IN.PMK,PMK,56147,46.65,MANOHARAN.K,parties.IN.DMK,DMK,45173,10974,9.11,src-1b7bc1c9d39a,minor,
IN-AC-1976-tamil-nadu-83,tamil-nadu,2001,PENNAGARAM,199848,111444,55.76,MANI G.K.,parties.IN.PMK,PMK,49125,44.08,PERIANNAN K.N.,parties.IN.IND,IND,34729,14396,12.92,src-1b7bc1c9d39a,minor,
IN-AC-1976-tamil-nadu-84,tamil-nadu,2001,METTUR,210151,117169,55.75,SUNDARAMBAL .S,parties.IN.AIADMK,ADMK,49504,42.25,P.GOPAL,parties.IN.DMK,DMK,41369,8135,6.94,src-1b7bc1c9d39a,minor,
IN-AC-1976-tamil-nadu-85,tamil-nadu,2001,TARAMANGALAM,195838,119468,61,KAMARAJ M.P.,parties.IN.PMK,PMK,67012,56.09,AMMASI.S,parties.IN.DMK,DMK,41554,25458,21.31,src-1b7bc1c9d39a,minor,
IN-AC-1976-tamil-nadu-86,tamil-nadu,2001,OMALUR,192661,110905,57.56,SEMMALAI S,parties.IN.AIADMK,ADMK,65861,59.39,RAJENDRAN.ERA.,parties.IN.DMK,DMK,34259,31602,28.5,src-1b7bc1c9d39a,minor,
IN-AC-1976-tamil-nadu-87,tamil-nadu,2001,YERCAUD,163608,99950,61.09,ELAYAKANNU. K.T.,parties.IN.AIADMK,ADMK,64319,64.35,GOVINDAN.K.,parties.IN.BJP,BJP,30334,33985,34,src-1b7bc1c9d39a,minor,
IN-AC-1976-tamil-nadu-88,tamil-nadu,2001,SALEM-I,173264,110590,63.83,VENKATAJALAM SE.,parties.IN.AIADMK,ADMK,66365,60.01,ELANGOVAN M.A.,parties.IN.DMK,DMK,41234,25131,22.72,src-1b7bc1c9d39a,minor,
IN-AC-1976-tamil-nadu-89,tamil-nadu,2001,SALEM-II,190192,114855,60.39,KARTHE M.,parties.IN.PMK,PMK,62306,54.25,THANGAVEL. A.L.,parties.IN.DMK,DMK,47221,15085,13.14,src-1b7bc1c9d39a,minor,
IN-AC-1976-tamil-nadu-9,tamil-nadu,2001,THEAGARAYA NAGAR,277999,119216,42.88,ANBAZHAGAN.J,parties.IN.DMK,DMK,57875,48.55,SULOCHANA SAMPATH.E.V.K,parties.IN.AIADMK,ADMK,55376,2499,2.1,src-1b7bc1c9d39a,minor,
IN-AC-1976-tamil-nadu-90,tamil-nadu,2001,VEERAPANDI,206595,146733,71.02,SELVAM.S.K,parties.IN.AIADMK,ADMK,85657,58.38,ARUMUGAM.S,parties.IN.DMK,DMK,55645,30012,20.46,src-1b7bc1c9d39a,minor,
IN-AC-1976-tamil-nadu-91,tamil-nadu,2001,PANAMARATHUPATTY,195665,121910,62.31,VIJAYALAKAHMI PALANISAMY .P,parties.IN.AIADMK,ADMK,78642,64.51,SIVALINGAM. S.R.,parties.IN.DMK,DMK,36292,42350,34.74,src-1b7bc1c9d39a,minor,
IN-AC-1976-tamil-nadu-92,tamil-nadu,2001,ATTUR,171024,112244,65.63,MURUGESAN.A.K.,parties.IN.AIADMK,ADMK,64936,57.85,KARUNANIDHI .MU.RA.,parties.IN.DMK,DMK,40191,24745,22.04,src-1b7bc1c9d39a,minor,
IN-AC-1976-tamil-nadu-93,tamil-nadu,2001,TALAVASAL,191351,116206,60.73,ALAGAMMAL.V.,parties.IN.AIADMK,ADMK,67682,58.24,PANDIYARAJAN.M.,parties.IN.DMK,DMK,39825,27857,23.97,src-1b7bc1c9d39a,minor,
IN-AC-1976-tamil-nadu-94,tamil-nadu,2001,RASIPURAM,188637,117144,62.1,SUNDARAM P.R,parties.IN.AIADMK,ADMK,67332,57.48,RAMALINGAM. K. P. DR.,parties.IN.DMK,DMK,44303,23029,19.66,src-1b7bc1c9d39a,minor,
IN-AC-1976-tamil-nadu-95,tamil-nadu,2001,SENDAMANGALAM,188776,110186,58.37,KALAVATHI.K,parties.IN.AIADMK,ADMK,61312,55.64,CHINUMATHI CHANDRASEKARAN,parties.IN.DMK,DMK,43497,17815,16.16,src-1b7bc1c9d39a,minor,
IN-AC-1976-tamil-nadu-96,tamil-nadu,2001,NAMAKKAL,215295,115601,53.69,JAYAKUMAR.K,parties.IN.INC,INC,67215,58.14,AHILAN.S,parties.IN.PT,PT,38223,28992,25.08,src-1b7bc1c9d39a,minor,
IN-AC-1976-tamil-nadu-97,tamil-nadu,2001,KAPILAMALAI,183691,116042,63.17,MALAIYAPPASAMY A.R.,parties.IN.PMK,PMK,48447,41.75,GANDHISELVAN S,parties.IN.DMK,DMK,44135,4312,3.72,src-1b7bc1c9d39a,minor,
IN-AC-1976-tamil-nadu-98,tamil-nadu,2001,TIRUCHENGODE,305346,181200,59.34,PONNAIYAN.C,parties.IN.AIADMK,ADMK,107898,59.55,ARUMUGAM .T.P.,parties.IN.DMK,DMK,63789,44109,24.35,src-1b7bc1c9d39a,minor,
IN-AC-1976-tamil-nadu-99,tamil-nadu,2001,SANKARI,209155,124639,59.59,DHANABAL.P,parties.IN.AIADMK,ADMK,70312,56.41,SARAVANAN.T.R,parties.IN.DMK,DMK,47360,22952,18.41,src-1b7bc1c9d39a,minor,
