state,event,constituency_no,constituency_name,n_oracles_present,n_oracles_agreeing_party,n_oracles_agreeing_candidate,yen_gov_winner_party_id,yen_gov_winner_candidate_name,yen_gov_winner_votes,other_sources,party_id_alliance,verdict_party,verdict_candidate,verdict,curator_note,curator_source_id
west-bengal,AcGenApr2021,1,MEKLIGANJ,2,2,2,parties.IN.AITC,ADHIKARY PARESH CHANDRA,99338,tcpd-state:parties.IN.AITC:ADHIKARY PARESH CHANDRA:99338,,VERIFIED,VERIFIED,VERIFIED,,
west-bengal,AcGenApr2021,2,MATHABHANGA,2,2,2,parties.IN.BJP,Sushil Barman,113249,tcpd-state:parties.IN.BJP:Sushil Barman:113249,,VERIFIED,VERIFIED,VERIFIED,,
west-bengal,AcGenApr2021,3,COOCH BEHAR UTTAR,2,2,2,parties.IN.BJP,SUKUMAR ROY,120483,tcpd-state:parties.IN.BJP:SUKUMAR ROY:120483,,VERIFIED,VERIFIED,VERIFIED,,
west-bengal,AcGenApr2021,4,COOCH BEHAR DAKSHIN,2,2,2,parties.IN.BJP,Nikhil Ranjan Dey,91560,tcpd-state:parties.IN.BJP:Nikhil Ranjan Dey:91560,,VERIFIED,VERIFIED,VERIFIED,,
west-bengal,AcGenApr2021,5,SITALKUCHI,2,2,2,parties.IN.BJP,Baren Chandra Barman,124955,tcpd-state:parties.IN.BJP:Baren Chandra Barman:124955,,VERIFIED,VERIFIED,VERIFIED,,
west-bengal,AcGenApr2021,6,SITAI,2,2,2,parties.IN.AITC,JAGADISH CHANDRA BARMA BASUNIA,117908,tcpd-state:parties.IN.AITC:JAGADISH CHANDRA BARMA BASUNIA:117908,,VERIFIED,VERIFIED,VERIFIED,,
west-bengal,AcGenApr2021,7,DINHATA,2,1,1,parties.IN.AITC,UDAYAN GUHA,189575,tcpd-state:parties.IN.BJP:NISITH PRAMANIK:116035,,DISPUTED,DISPUTED,DISPUTED,,
west-bengal,AcGenApr2021,8,NATABARI,2,2,2,parties.IN.BJP,Mihir Goswami,111743,tcpd-state:parties.IN.BJP:Mihir Goswami:111743,,VERIFIED,VERIFIED,VERIFIED,,
west-bengal,AcGenApr2021,9,TUFANGANJ,2,2,2,parties.IN.BJP,Malati Rava Roy,114503,tcpd-state:parties.IN.BJP:Malati Rava Roy:114503,,VERIFIED,VERIFIED,VERIFIED,,
west-bengal,AcGenApr2021,10,KUMARGRAM,2,2,2,parties.IN.BJP,MANOJ KUMAR ORAON,111974,tcpd-state:parties.IN.BJP:MANOJ KUMAR ORAON:111974,,VERIFIED,VERIFIED,VERIFIED,,
west-bengal,AcGenApr2021,11,KALCHINI,2,2,2,parties.IN.BJP,BISHAL LAMA,103104,tcpd-state:parties.IN.BJP:BISHAL LAMA:103104,,VERIFIED,VERIFIED,VERIFIED,,
west-bengal,AcGenApr2021,12,ALIPURDUARS,2,2,2,parties.IN.BJP,SUMAN KANJILAL,107333,tcpd-state:parties.IN.BJP:SUMAN KANJILAL:107333,,VERIFIED,VERIFIED,VERIFIED,,
west-bengal,AcGenApr2021,13,FALAKATA,2,2,2,parties.IN.BJP,DIPAK BARMAN,102993,tcpd-state:parties.IN.BJP:DIPAK BARMAN:102993,,VERIFIED,VERIFIED,VERIFIED,,
west-bengal,AcGenApr2021,14,MADARIHAT,2,2,2,parties.IN.BJP,MANOJ TIGGA,90718,tcpd-state:parties.IN.BJP:MANOJ TIGGA:90718,,VERIFIED,VERIFIED,VERIFIED,,
west-bengal,AcGenApr2021,15,DHUPGURI,2,2,2,parties.IN.BJP,BISHNU PADA RAY,104688,tcpd-state:parties.IN.BJP:BISHNU PADA RAY:104688,,VERIFIED,VERIFIED,VERIFIED,,
west-bengal,AcGenApr2021,16,MAYNAGURI,2,2,2,parties.IN.BJP,Kaushik Roy,115306,tcpd-state:parties.IN.BJP:Kaushik Roy:115306,,VERIFIED,VERIFIED,VERIFIED,,
west-bengal,AcGenApr2021,17,JALPAIGURI,2,2,2,parties.IN.AITC,DR. PRADIP KUMAR BARMA,95668,tcpd-state:parties.IN.AITC:DR. PRADIP KUMAR BARMA:95668,,VERIFIED,VERIFIED,VERIFIED,,
west-bengal,AcGenApr2021,18,RAJGANJ,2,2,2,parties.IN.AITC,KHAGESWAR ROY,104641,tcpd-state:parties.IN.AITC:KHAGESWAR ROY:104641,,VERIFIED,VERIFIED,VERIFIED,,
west-bengal,AcGenApr2021,19,DABGRAM-PHULBARI,2,2,2,parties.IN.BJP,Sikha Chatterjee,129088,tcpd-state:parties.IN.BJP:Sikha Chatterjee:129088,,VERIFIED,VERIFIED,VERIFIED,,
west-bengal,AcGenApr2021,20,MAL,2,2,2,parties.IN.AITC,BULU CHIK BARAIK,99086,tcpd-state:parties.IN.AITC:BULU CHIK BARAIK:99086,,VERIFIED,VERIFIED,VERIFIED,,
west-bengal,AcGenApr2021,21,NAGRAKATA,2,2,2,parties.IN.BJP,PUNA BHENGRA,94722,tcpd-state:parties.IN.BJP:PUNA BHENGRA:94722,,VERIFIED,VERIFIED,VERIFIED,,
west-bengal,AcGenApr2021,22,KALIMPONG,2,2,2,parties.IN.IND,RUDEN SADA LEPCHA,58206,tcpd-state:parties.IN.IND:RUDEN SADA LEPCHA:58206,,VERIFIED,VERIFIED,VERIFIED,,
west-bengal,AcGenApr2021,23,DARJEELING,2,2,2,parties.IN.BJP,NEERAJ TAMANG ZIMBA,68907,tcpd-state:parties.IN.BJP:NEERAJ TAMANG ZIMBA:68907,,VERIFIED,VERIFIED,VERIFIED,,
west-bengal,AcGenApr2021,24,KURSEONG,2,2,2,parties.IN.BJP,Bishnu Prasad Sharma (alias B.P. Bajgain),73475,tcpd-state:parties.IN.BJP:Bishnu Prasad Sharma (alias B.P. Bajgain):73475,,VERIFIED,VERIFIED,VERIFIED,,
west-bengal,AcGenApr2021,25,MATIGARA-NAXALBARI,2,2,2,parties.IN.BJP,Anandamay Barman,139785,tcpd-state:parties.IN.BJP:Anandamay Barman:139785,,VERIFIED,VERIFIED,VERIFIED,,
west-bengal,AcGenApr2021,26,SILIGURI,2,2,2,parties.IN.BJP,Sankar Ghosh,89370,tcpd-state:parties.IN.BJP:Sankar Ghosh:89370,,VERIFIED,VERIFIED,VERIFIED,,
west-bengal,AcGenApr2021,27,PHANSIDEWA,2,2,2,parties.IN.BJP,Durga Murmu,105651,tcpd-state:parties.IN.BJP:Durga Murmu:105651,,VERIFIED,VERIFIED,VERIFIED,,
west-bengal,AcGenApr2021,28,CHOPRA,2,2,2,parties.IN.AITC,HAMIDUL RAHAMAN,124923,tcpd-state:parties.IN.AITC:HAMIDUL RAHAMAN:124923,,VERIFIED,VERIFIED,VERIFIED,,
west-bengal,AcGenApr2021,29,ISLAMPUR,2,2,2,parties.IN.AITC,ABDUL KARIM CHOWDHARY,100131,tcpd-state:parties.IN.AITC:ABDUL KARIM CHOWDHARY:100131,,VERIFIED,VERIFIED,VERIFIED,,
west-bengal,AcGenApr2021,30,GOALPOKHAR,2,2,2,parties.IN.AITC,MD. GHULAM RABBANI,105649,tcpd-state:parties.IN.AITC:MD. GHULAM RABBANI:105649,,VERIFIED,VERIFIED,VERIFIED,,
west-bengal,AcGenApr2021,31,CHAKULIA,2,2,2,parties.IN.AITC,AZAD MINHAJUL ARFIN,86311,tcpd-state:parties.IN.AITC:AZAD MINHAJUL ARFIN:86311,,VERIFIED,VERIFIED,VERIFIED,,
west-bengal,AcGenApr2021,32,KARANDIGHI,2,2,2,parties.IN.AITC,GOUTAM PAUL,116594,tcpd-state:parties.IN.AITC:GOUTAM PAUL:116594,,VERIFIED,VERIFIED,VERIFIED,,
west-bengal,AcGenApr2021,33,HEMTABAD,2,2,2,parties.IN.AITC,SATYAJIT BARMAN,116425,tcpd-state:parties.IN.AITC:SATYAJIT BARMAN:116425,,VERIFIED,VERIFIED,VERIFIED,,
west-bengal,AcGenApr2021,34,KALIAGANJ,2,2,2,parties.IN.BJP,SOUMEN ROY,116768,tcpd-state:parties.IN.BJP:SOUMEN ROY:116768,,VERIFIED,VERIFIED,VERIFIED,,
west-bengal,AcGenApr2021,35,RAIGANJ,2,2,2,parties.IN.BJP,KRISHNA KALYANI,79775,tcpd-state:parties.IN.BJP:KRISHNA KALYANI:79775,,VERIFIED,VERIFIED,VERIFIED,,
west-bengal,AcGenApr2021,36,ITAHAR,2,2,2,parties.IN.AITC,MOSARAF HUSSEN,114645,tcpd-state:parties.IN.AITC:MOSARAF HUSSEN:114645,,VERIFIED,VERIFIED,VERIFIED,,
west-bengal,AcGenApr2021,37,KUSHMANDI,2,2,2,parties.IN.AITC,REKHA ROY,89968,tcpd-state:parties.IN.AITC:REKHA ROY:89968,,VERIFIED,VERIFIED,VERIFIED,,
west-bengal,AcGenApr2021,38,KUMARGANJ,2,2,2,parties.IN.AITC,TORAF HOSSAIN MANDAL,89763,tcpd-state:parties.IN.AITC:TORAF HOSSAIN MANDAL:89763,,VERIFIED,VERIFIED,VERIFIED,,
west-bengal,AcGenApr2021,39,BALURGHAT,2,2,2,parties.IN.BJP,Ashok Kumar Lahiri,72129,tcpd-state:parties.IN.BJP:Ashok Kumar Lahiri:72129,,VERIFIED,VERIFIED,VERIFIED,,
west-bengal,AcGenApr2021,40,TAPAN,2,2,2,parties.IN.BJP,BUDHRAI TUDU,84381,tcpd-state:parties.IN.BJP:BUDHRAI TUDU:84381,,VERIFIED,VERIFIED,VERIFIED,,
west-bengal,AcGenApr2021,41,GANGARAMPUR,2,2,2,parties.IN.BJP,SATYENDRA NATH  RAY,88724,tcpd-state:parties.IN.BJP:SATYENDRA NATH  RAY:88724,,VERIFIED,VERIFIED,VERIFIED,,
west-bengal,AcGenApr2021,42,HARIRAMPUR,2,2,2,parties.IN.AITC,BIPLAB MITRA,96131,tcpd-state:parties.IN.AITC:BIPLAB MITRA:96131,,VERIFIED,VERIFIED,VERIFIED,,
west-bengal,AcGenApr2021,43,HABIBPUR,2,2,2,parties.IN.BJP,JOYEL MURMU,94075,tcpd-state:parties.IN.BJP:JOYEL MURMU:94075,,VERIFIED,VERIFIED,VERIFIED,,
west-bengal,AcGenApr2021,44,GAZOLE,2,2,2,parties.IN.BJP,CHINMOY DEB BARMAN,100655,tcpd-state:parties.IN.BJP:CHINMOY DEB BARMAN:100655,,VERIFIED,VERIFIED,VERIFIED,,
west-bengal,AcGenApr2021,45,CHANCHAL,2,2,2,parties.IN.AITC,Nihar Ranjan Ghosh,115966,tcpd-state:parties.IN.AITC:Nihar Ranjan Ghosh:115966,,VERIFIED,VERIFIED,VERIFIED,,
west-bengal,AcGenApr2021,46,HARISCHANDRAPUR,2,2,2,parties.IN.AITC,TAJMUL HOSSAIN,122527,tcpd-state:parties.IN.AITC:TAJMUL HOSSAIN:122527,,VERIFIED,VERIFIED,VERIFIED,,
west-bengal,AcGenApr2021,47,MALATIPUR,2,2,2,parties.IN.AITC,ABDUR RAHIM BOXI,126157,tcpd-state:parties.IN.AITC:ABDUR RAHIM BOXI:126157,,VERIFIED,VERIFIED,VERIFIED,,
west-bengal,AcGenApr2021,48,RATUA,2,2,2,parties.IN.AITC,Samar Mukherjee,130674,tcpd-state:parties.IN.AITC:Samar Mukherjee:130674,,VERIFIED,VERIFIED,VERIFIED,,
west-bengal,AcGenApr2021,49,MANICKCHAK,2,2,2,parties.IN.AITC,SABITRI MITRA,110234,tcpd-state:parties.IN.AITC:SABITRI MITRA:110234,,VERIFIED,VERIFIED,VERIFIED,,
west-bengal,AcGenApr2021,50,MALDAHA,2,2,2,parties.IN.BJP,Gopal Chandra Saha,93398,tcpd-state:parties.IN.BJP:Gopal Chandra Saha:93398,,VERIFIED,VERIFIED,VERIFIED,,
west-bengal,AcGenApr2021,51,ENGLISHBAZAR,2,2,2,parties.IN.BJP,SREERUPA MITRA CHAUDHURY(NIRBHOY DIDI),107755,tcpd-state:parties.IN.BJP:SREERUPA MITRA CHAUDHURY(NIRBHOY DIDI):107755,,VERIFIED,VERIFIED,VERIFIED,,
west-bengal,AcGenApr2021,52,MOTHABARI,2,2,2,parties.IN.AITC,YEASMIN SABINA,97397,tcpd-state:parties.IN.AITC:YEASMIN SABINA:97397,,VERIFIED,VERIFIED,VERIFIED,,
west-bengal,AcGenApr2021,53,SUJAPUR,2,2,2,parties.IN.AITC,Md Abdul Ghani,152445,tcpd-state:parties.IN.AITC:Md Abdul Ghani:152445,,VERIFIED,VERIFIED,VERIFIED,,
west-bengal,AcGenApr2021,54,BAISHNAB NAGAR,2,2,2,parties.IN.AITC,CHANDANA SARKAR,83061,tcpd-state:parties.IN.AITC:CHANDANA SARKAR:83061,,VERIFIED,VERIFIED,VERIFIED,,
west-bengal,AcGenApr2021,55,FARAKKA,2,2,2,parties.IN.AITC,MANIRUL ISLAM,102319,tcpd-state:parties.IN.AITC:MANIRUL ISLAM:102319,,VERIFIED,VERIFIED,VERIFIED,,
west-bengal,AcGenApr2021,56,SAMSERGANJ,2,2,2,parties.IN.AITC,Amirul Islam,96417,tcpd-state:parties.IN.AITC:Amirul Islam:96417,,VERIFIED,VERIFIED,VERIFIED,,
west-bengal,AcGenApr2021,57,SUTI,2,2,2,parties.IN.AITC,EMANI BISWAS,127351,tcpd-state:parties.IN.AITC:EMANI BISWAS:127351,,VERIFIED,VERIFIED,VERIFIED,,
west-bengal,AcGenApr2021,58,JANGIPUR,2,2,2,parties.IN.AITC,JAKIR HOSSAIN,136444,tcpd-state:parties.IN.AITC:JAKIR HOSSAIN:136444,,VERIFIED,VERIFIED,VERIFIED,,
west-bengal,AcGenApr2021,59,RAGHUNATHGANJ,2,2,2,parties.IN.AITC,Akhruzzaman,126834,tcpd-state:parties.IN.AITC:Akhruzzaman:126834,,VERIFIED,VERIFIED,VERIFIED,,
west-bengal,AcGenApr2021,60,SAGARDIGHI,2,2,2,parties.IN.AITC,SUBRATA SAHA,95189,tcpd-state:parties.IN.AITC:SUBRATA SAHA:95189,,VERIFIED,VERIFIED,VERIFIED,,
west-bengal,AcGenApr2021,61,LALGOLA,2,2,2,parties.IN.AITC,ALI MOHAMMAD,107860,tcpd-state:parties.IN.AITC:ALI MOHAMMAD:107860,,VERIFIED,VERIFIED,VERIFIED,,
west-bengal,AcGenApr2021,62,BHAGABANGOLA,2,2,2,parties.IN.AITC,IDRIS ALI,153795,tcpd-state:parties.IN.AITC:IDRIS ALI:153795,,VERIFIED,VERIFIED,VERIFIED,,
west-bengal,AcGenApr2021,63,RANINAGAR,2,2,2,parties.IN.AITC,ABDUL SOUMIK HOSSAIN,134957,tcpd-state:parties.IN.AITC:ABDUL SOUMIK HOSSAIN:134957,,VERIFIED,VERIFIED,VERIFIED,,
west-bengal,AcGenApr2021,64,MURSHIDABAD,2,2,2,parties.IN.BJP,GOURI SANKAR GHOSH,95967,tcpd-state:parties.IN.BJP:GOURI SANKAR GHOSH:95967,,VERIFIED,VERIFIED,VERIFIED,,
west-bengal,AcGenApr2021,65,NABAGRAM,2,2,2,parties.IN.AITC,KANAI CHANDRA MONDAL,100455,tcpd-state:parties.IN.AITC:KANAI CHANDRA MONDAL:100455,,VERIFIED,VERIFIED,VERIFIED,,
west-bengal,AcGenApr2021,66,KHARGRAM,2,2,2,parties.IN.AITC,ASHIS MARJIT,93255,tcpd-state:parties.IN.AITC:ASHIS MARJIT:93255,,VERIFIED,VERIFIED,VERIFIED,,
west-bengal,AcGenApr2021,67,BURWAN,2,2,2,parties.IN.AITC,JIBAN KRISHNA SAHA,81890,tcpd-state:parties.IN.AITC:JIBAN KRISHNA SAHA:81890,,VERIFIED,VERIFIED,VERIFIED,,
west-bengal,AcGenApr2021,68,KANDI,2,2,2,parties.IN.AITC,APURBA SARKAR (DAVID),95399,tcpd-state:parties.IN.AITC:APURBA SARKAR (DAVID):95399,,VERIFIED,VERIFIED,VERIFIED,,
west-bengal,AcGenApr2021,69,BHARATPUR,2,2,2,parties.IN.AITC,HUMAYUN KABIR,96226,tcpd-state:parties.IN.AITC:HUMAYUN KABIR:96226,,VERIFIED,VERIFIED,VERIFIED,,
west-bengal,AcGenApr2021,70,REJINAGAR,2,2,2,parties.IN.AITC,RABIUL ALAM CHOWDHURY,118494,tcpd-state:parties.IN.AITC:RABIUL ALAM CHOWDHURY:118494,,VERIFIED,VERIFIED,VERIFIED,,
west-bengal,AcGenApr2021,71,BELDANGA,2,2,2,parties.IN.AITC,HASANUZZAMAN SK,112862,tcpd-state:parties.IN.AITC:HASANUZZAMAN SK:112862,,VERIFIED,VERIFIED,VERIFIED,,
west-bengal,AcGenApr2021,72,BAHARAMPUR,2,2,2,parties.IN.BJP,Subrata Maitra (Kanchan),89340,tcpd-state:parties.IN.BJP:Subrata Maitra (Kanchan):89340,,VERIFIED,VERIFIED,VERIFIED,,
west-bengal,AcGenApr2021,73,HARIHARPARA,2,2,2,parties.IN.AITC,NIAMOT SHEIKH,102660,tcpd-state:parties.IN.AITC:NIAMOT SHEIKH:102660,,VERIFIED,VERIFIED,VERIFIED,,
west-bengal,AcGenApr2021,74,NAODA,2,2,2,parties.IN.AITC,SAHINA MOMTAZ KHAN,117684,tcpd-state:parties.IN.AITC:SAHINA MOMTAZ KHAN:117684,,VERIFIED,VERIFIED,VERIFIED,,
west-bengal,AcGenApr2021,75,DOMKAL,2,2,2,parties.IN.AITC,JAFIKUL ISLAM,127671,tcpd-state:parties.IN.AITC:JAFIKUL ISLAM:127671,,VERIFIED,VERIFIED,VERIFIED,,
west-bengal,AcGenApr2021,76,JALANGI,2,2,2,parties.IN.AITC,ABDUR RAZZAK,123840,tcpd-state:parties.IN.AITC:ABDUR RAZZAK:123840,,VERIFIED,VERIFIED,VERIFIED,,
west-bengal,AcGenApr2021,77,KARIMPUR,2,2,2,parties.IN.AITC,Bimalendu Sinha Roy,110911,tcpd-state:parties.IN.AITC:Bimalendu Sinha Roy:110911,,VERIFIED,VERIFIED,VERIFIED,,
west-bengal,AcGenApr2021,78,TEHATTA,2,2,2,parties.IN.AITC,Tapas Kumar Saha,97848,tcpd-state:parties.IN.AITC:Tapas Kumar Saha:97848,,VERIFIED,VERIFIED,VERIFIED,,
west-bengal,AcGenApr2021,79,PALASHIPARA,2,2,2,parties.IN.AITC,Dr. Manik Bhattacharya,110274,tcpd-state:parties.IN.AITC:Dr. Manik Bhattacharya:110274,,VERIFIED,VERIFIED,VERIFIED,,
west-bengal,AcGenApr2021,80,KALIGANJ,2,2,2,parties.IN.AITC,NASIRUDDIN AHAMED (LAL),111696,tcpd-state:parties.IN.AITC:NASIRUDDIN AHAMED (LAL):111696,,VERIFIED,VERIFIED,VERIFIED,,
west-bengal,AcGenApr2021,81,NAKASHIPARA,2,2,2,parties.IN.AITC,Kallol Khan,104812,tcpd-state:parties.IN.AITC:Kallol Khan:104812,,VERIFIED,VERIFIED,VERIFIED,,
west-bengal,AcGenApr2021,82,CHAPRA,2,2,2,parties.IN.AITC,RUKBANUR RAHMAN,73866,tcpd-state:parties.IN.AITC:RUKBANUR RAHMAN:73866,,VERIFIED,VERIFIED,VERIFIED,,
west-bengal,AcGenApr2021,83,KRISHNANAGAR UTTAR,2,2,2,parties.IN.BJP,MUKUL ROY,109357,tcpd-state:parties.IN.BJP:MUKUL ROY:109357,,VERIFIED,VERIFIED,VERIFIED,,
west-bengal,AcGenApr2021,84,NABADWIP,2,2,2,parties.IN.AITC,PUNDARIKAKSHYA SAHA,102170,tcpd-state:parties.IN.AITC:PUNDARIKAKSHYA SAHA:102170,,VERIFIED,VERIFIED,VERIFIED,,
west-bengal,AcGenApr2021,85,KRISHNANAGAR DAKSHIN,2,2,2,parties.IN.AITC,UJJAL BISWAS,91738,tcpd-state:parties.IN.AITC:UJJAL BISWAS:91738,,VERIFIED,VERIFIED,VERIFIED,,
west-bengal,AcGenApr2021,86,SANTIPUR,2,1,1,parties.IN.AITC,BRAJA KISHOR GOSWAMI,112087,tcpd-state:parties.IN.BJP:JAGANNATH SARKAR:109722,,DISPUTED,DISPUTED,DISPUTED,,
west-bengal,AcGenApr2021,87,RANAGHAT UTTAR PASCHIM,2,2,2,parties.IN.BJP,PARTHASARATHI CHATTERJEE,113637,tcpd-state:parties.IN.BJP:PARTHASARATHI CHATTERJEE:113637,,VERIFIED,VERIFIED,VERIFIED,,
west-bengal,AcGenApr2021,88,KRISHNAGANJ,2,2,2,parties.IN.BJP,ASHIS KUMAR BISWAS,117668,tcpd-state:parties.IN.BJP:ASHIS KUMAR BISWAS:117668,,VERIFIED,VERIFIED,VERIFIED,,
west-bengal,AcGenApr2021,89,RANAGHAT UTTAR PURBA,2,2,2,parties.IN.BJP,ASHIM BISWAS,116786,tcpd-state:parties.IN.BJP:ASHIM BISWAS:116786,,VERIFIED,VERIFIED,VERIFIED,,
west-bengal,AcGenApr2021,90,RANAGHAT DAKSHIN,2,2,2,parties.IN.BJP,MUKUT MANI ADHIKARI,119260,tcpd-state:parties.IN.BJP:MUKUT MANI ADHIKARI:119260,,VERIFIED,VERIFIED,VERIFIED,,
west-bengal,AcGenApr2021,91,CHAKDAHA,2,2,2,parties.IN.BJP,Bankim Chandra Ghosh,99368,tcpd-state:parties.IN.BJP:Bankim Chandra Ghosh:99368,,VERIFIED,VERIFIED,VERIFIED,,
west-bengal,AcGenApr2021,92,KALYANI,2,2,2,parties.IN.BJP,AMBIKA ROY,97026,tcpd-state:parties.IN.BJP:AMBIKA ROY:97026,,VERIFIED,VERIFIED,VERIFIED,,
west-bengal,AcGenApr2021,93,HARINGHATA,2,2,2,parties.IN.BJP,ASIM KUMAR SARKAR,97666,tcpd-state:parties.IN.BJP:ASIM KUMAR SARKAR:97666,,VERIFIED,VERIFIED,VERIFIED,,
west-bengal,AcGenApr2021,94,BAGDAH,2,2,2,parties.IN.BJP,Biswajit Das,108111,tcpd-state:parties.IN.BJP:Biswajit Das:108111,,VERIFIED,VERIFIED,VERIFIED,,
west-bengal,AcGenApr2021,95,BONGAON UTTAR,2,2,2,parties.IN.BJP,ASHOK KIRTANIA,97761,tcpd-state:parties.IN.BJP:ASHOK KIRTANIA:97761,,VERIFIED,VERIFIED,VERIFIED,,
west-bengal,AcGenApr2021,96,BONGAON DAKSHIN,2,2,2,parties.IN.BJP,SWAPAN MAJUMDER,97828,tcpd-state:parties.IN.BJP:SWAPAN MAJUMDER:97828,,VERIFIED,VERIFIED,VERIFIED,,
west-bengal,AcGenApr2021,97,GAIGHATA,2,2,2,parties.IN.BJP,SUBRATA THAKUR,100808,tcpd-state:parties.IN.BJP:SUBRATA THAKUR:100808,,VERIFIED,VERIFIED,VERIFIED,,
west-bengal,AcGenApr2021,98,SWARUPNAGAR,2,2,2,parties.IN.AITC,BINA MONDAL,99784,tcpd-state:parties.IN.AITC:BINA MONDAL:99784,,VERIFIED,VERIFIED,VERIFIED,,
west-bengal,AcGenApr2021,99,BADURIA,2,2,2,parties.IN.AITC,ABDUR RAHIM QUAZI,109701,tcpd-state:parties.IN.AITC:ABDUR RAHIM QUAZI:109701,,VERIFIED,VERIFIED,VERIFIED,,
west-bengal,AcGenApr2021,100,HABRA,2,2,2,parties.IN.AITC,JYOTI PRIYA MALLICK,90533,tcpd-state:parties.IN.AITC:JYOTI PRIYA MALLICK:90533,,VERIFIED,VERIFIED,VERIFIED,,
west-bengal,AcGenApr2021,101,ASHOKNAGAR,2,2,2,parties.IN.AITC,NARAYAN GOSWAMI,93587,tcpd-state:parties.IN.AITC:NARAYAN GOSWAMI:93587,,VERIFIED,VERIFIED,VERIFIED,,
west-bengal,AcGenApr2021,102,AMDANGA,2,2,2,parties.IN.AITC,RAFIQUR RAHAMAN,88935,tcpd-state:parties.IN.AITC:RAFIQUR RAHAMAN:88935,,VERIFIED,VERIFIED,VERIFIED,,
west-bengal,AcGenApr2021,103,BIJPUR,2,2,2,parties.IN.AITC,SUBODH ADHIKARY,66625,tcpd-state:parties.IN.AITC:SUBODH ADHIKARY:66625,,VERIFIED,VERIFIED,VERIFIED,,
west-bengal,AcGenApr2021,104,NAIHATI,2,2,2,parties.IN.AITC,PARTHA BHOWMICK,77753,tcpd-state:parties.IN.AITC:PARTHA BHOWMICK:77753,,VERIFIED,VERIFIED,VERIFIED,,
west-bengal,AcGenApr2021,105,BHATPARA,2,2,2,parties.IN.BJP,PAWAN KUMAR SINGH,57244,tcpd-state:parties.IN.BJP:PAWAN KUMAR SINGH:57244,,VERIFIED,VERIFIED,VERIFIED,,
west-bengal,AcGenApr2021,106,JAGATDAL,2,2,2,parties.IN.AITC,SOMENATH SHYAM ICHINI,87030,tcpd-state:parties.IN.AITC:SOMENATH SHYAM ICHINI:87030,,VERIFIED,VERIFIED,VERIFIED,,
west-bengal,AcGenApr2021,107,NOAPARA,2,2,2,parties.IN.AITC,MANJU BASU,94203,tcpd-state:parties.IN.AITC:MANJU BASU:94203,,VERIFIED,VERIFIED,VERIFIED,,
west-bengal,AcGenApr2021,108,BARRACKPUR,2,2,2,parties.IN.AITC,RAJU CHAKRABORTY (RAJ),68887,tcpd-state:parties.IN.AITC:RAJU CHAKRABORTY (RAJ):68887,,VERIFIED,VERIFIED,VERIFIED,,
west-bengal,AcGenApr2021,109,KHARDAHA,2,2,1,parties.IN.AITC,SOBHANDEB CHATTOPADHYAY,114086,tcpd-state:parties.IN.AITC:KAJAL SINHA:89807,,VERIFIED,DISPUTED,DISPUTED,,
west-bengal,AcGenApr2021,110,DUM DUM UTTAR,2,2,2,parties.IN.AITC,CHANDRIMA BHATTACHARYA,95465,tcpd-state:parties.IN.AITC:CHANDRIMA BHATTACHARYA:95465,,VERIFIED,VERIFIED,VERIFIED,,
west-bengal,AcGenApr2021,111,PANIHATI,2,2,2,parties.IN.AITC,NIRMAL GHOSH,86495,tcpd-state:parties.IN.AITC:NIRMAL GHOSH:86495,,VERIFIED,VERIFIED,VERIFIED,,
west-bengal,AcGenApr2021,112,KAMARHATI,2,2,2,parties.IN.AITC,MADAN MITRA,73845,tcpd-state:parties.IN.AITC:MADAN MITRA:73845,,VERIFIED,VERIFIED,VERIFIED,,
west-bengal,AcGenApr2021,113,BARANAGAR,2,2,2,parties.IN.AITC,TAPAS ROY,85615,tcpd-state:parties.IN.AITC:TAPAS ROY:85615,,VERIFIED,VERIFIED,VERIFIED,,
west-bengal,AcGenApr2021,114,DUM DUM,2,2,2,parties.IN.AITC,BRTYA BASU,87999,tcpd-state:parties.IN.AITC:BRTYA BASU:87999,,VERIFIED,VERIFIED,VERIFIED,,
west-bengal,AcGenApr2021,115,RAJARHAT NEW TOWN,2,2,2,parties.IN.AITC,TAPASH CHATTERJEE,127374,tcpd-state:parties.IN.AITC:TAPASH CHATTERJEE:127374,,VERIFIED,VERIFIED,VERIFIED,,
west-bengal,AcGenApr2021,116,BIDHANNAGAR,2,2,2,parties.IN.AITC,SUJIT BOSE S/O - LATE AJIT BOSE,75912,tcpd-state:parties.IN.AITC:SUJIT BOSE S/O - LATE AJIT BOSE:75912,,VERIFIED,VERIFIED,VERIFIED,,
west-bengal,AcGenApr2021,117,RAJARHAT GOPALPUR,2,2,2,parties.IN.AITC,ADITI MUNSHI,87650,tcpd-state:parties.IN.AITC:ADITI MUNSHI:87650,,VERIFIED,VERIFIED,VERIFIED,,
west-bengal,AcGenApr2021,118,MADHYAMGRAM,2,2,2,parties.IN.AITC,RATHIN GHOSH,112741,tcpd-state:parties.IN.AITC:RATHIN GHOSH:112741,,VERIFIED,VERIFIED,VERIFIED,,
west-bengal,AcGenApr2021,119,BARASAT,2,2,2,parties.IN.AITC,CHIRANJEET CHAKRABARTI,104431,tcpd-state:parties.IN.AITC:CHIRANJEET CHAKRABARTI:104431,,VERIFIED,VERIFIED,VERIFIED,,
west-bengal,AcGenApr2021,120,DEGANGA,2,2,2,parties.IN.AITC,RAHIMA MONDAL,100105,tcpd-state:parties.IN.AITC:RAHIMA MONDAL:100105,,VERIFIED,VERIFIED,VERIFIED,,
west-bengal,AcGenApr2021,121,HAROA,2,2,2,parties.IN.AITC,ISLAM SK NURUL (HAJI),130398,tcpd-state:parties.IN.AITC:ISLAM SK NURUL (HAJI):130398,,VERIFIED,VERIFIED,VERIFIED,,
west-bengal,AcGenApr2021,122,MINAKHAN,2,2,2,parties.IN.AITC,USHA RANI MONDAL,109818,tcpd-state:parties.IN.AITC:USHA RANI MONDAL:109818,,VERIFIED,VERIFIED,VERIFIED,,
west-bengal,AcGenApr2021,123,SANDESHKHALI,2,2,2,parties.IN.AITC,SUKUMAR MAHATA,112450,tcpd-state:parties.IN.AITC:SUKUMAR MAHATA:112450,,VERIFIED,VERIFIED,VERIFIED,,
west-bengal,AcGenApr2021,124,BASIRHAT DAKSHIN,2,2,2,parties.IN.AITC,DR. SAPTARSHI BANERJEE,115873,tcpd-state:parties.IN.AITC:DR. SAPTARSHI BANERJEE:115873,,VERIFIED,VERIFIED,VERIFIED,,
west-bengal,AcGenApr2021,125,BASIRHAT UTTAR,2,2,2,parties.IN.AITC,RAFIKUL ISLAM MONDAL,137216,tcpd-state:parties.IN.AITC:RAFIKUL ISLAM MONDAL:137216,,VERIFIED,VERIFIED,VERIFIED,,
west-bengal,AcGenApr2021,126,HINGALGANJ,2,2,2,parties.IN.AITC,DEBES MANDAL,104706,tcpd-state:parties.IN.AITC:DEBES MANDAL:104706,,VERIFIED,VERIFIED,VERIFIED,,
west-bengal,AcGenApr2021,127,GOSABA,2,2,1,parties.IN.AITC,SUBRATA MONDAL,161474,tcpd-state:parties.IN.AITC:JAYANTA NASKAR:105723,,VERIFIED,DISPUTED,DISPUTED,,
west-bengal,AcGenApr2021,128,BASANTI,2,2,2,parties.IN.AITC,SHYAMAL MONDAL,111453,tcpd-state:parties.IN.AITC:SHYAMAL MONDAL:111453,,VERIFIED,VERIFIED,VERIFIED,,
west-bengal,AcGenApr2021,129,KULTALI,2,2,2,parties.IN.AITC,Ganesh Chandra Mondal,117238,tcpd-state:parties.IN.AITC:Ganesh Chandra Mondal:117238,,VERIFIED,VERIFIED,VERIFIED,,
west-bengal,AcGenApr2021,130,PATHARPRATIMA,2,2,2,parties.IN.AITC,SAMIR KUMAR JANA,120181,tcpd-state:parties.IN.AITC:SAMIR KUMAR JANA:120181,,VERIFIED,VERIFIED,VERIFIED,,
west-bengal,AcGenApr2021,131,KAKDWIP,2,2,2,parties.IN.AITC,MANTURAM PAKHIRA,114493,tcpd-state:parties.IN.AITC:MANTURAM PAKHIRA:114493,,VERIFIED,VERIFIED,VERIFIED,,
west-bengal,AcGenApr2021,132,SAGAR,2,2,2,parties.IN.AITC,BANKIM CHANDRA HAZRA,129000,tcpd-state:parties.IN.AITC:BANKIM CHANDRA HAZRA:129000,,VERIFIED,VERIFIED,VERIFIED,,
west-bengal,AcGenApr2021,133,KULPI,2,2,2,parties.IN.AITC,JOGARANJAN HALDER,96577,tcpd-state:parties.IN.AITC:JOGARANJAN HALDER:96577,,VERIFIED,VERIFIED,VERIFIED,,
west-bengal,AcGenApr2021,134,RAIDIGHI,2,2,2,parties.IN.AITC,ALOKE JALDATA,115707,tcpd-state:parties.IN.AITC:ALOKE JALDATA:115707,,VERIFIED,VERIFIED,VERIFIED,,
west-bengal,AcGenApr2021,135,MANDIRBAZAR,2,2,2,parties.IN.AITC,JOYDEB HALDER,95834,tcpd-state:parties.IN.AITC:JOYDEB HALDER:95834,,VERIFIED,VERIFIED,VERIFIED,,
west-bengal,AcGenApr2021,136,JAQYNAGAR,2,2,2,parties.IN.AITC,BISWANATH DAS,104952,tcpd-state:parties.IN.AITC:BISWANATH DAS:104952,,VERIFIED,VERIFIED,VERIFIED,,
west-bengal,AcGenApr2021,137,BARUIPUR PURBA,2,2,2,parties.IN.AITC,BIVAS SARDAR (VOBO),123243,tcpd-state:parties.IN.AITC:BIVAS SARDAR (VOBO):123243,,VERIFIED,VERIFIED,VERIFIED,,
west-bengal,AcGenApr2021,138,CANNING PASCHIM,2,2,2,parties.IN.AITC,Paresh Ram Das,111059,tcpd-state:parties.IN.AITC:Paresh Ram Das:111059,,VERIFIED,VERIFIED,VERIFIED,,
west-bengal,AcGenApr2021,139,CANNING PURBA,2,2,2,parties.IN.AITC,SAOKAT MOLLA,122301,tcpd-state:parties.IN.AITC:SAOKAT MOLLA:122301,,VERIFIED,VERIFIED,VERIFIED,,
west-bengal,AcGenApr2021,140,BARUIPUR PASCHIM,2,2,2,parties.IN.AITC,BIMAN BANERJEE,121006,tcpd-state:parties.IN.AITC:BIMAN BANERJEE:121006,,VERIFIED,VERIFIED,VERIFIED,,
west-bengal,AcGenApr2021,141,MAGRAHAT PURBA,2,2,2,parties.IN.AITC,NAMITA SAHA,110945,tcpd-state:parties.IN.AITC:NAMITA SAHA:110945,,VERIFIED,VERIFIED,VERIFIED,,
west-bengal,AcGenApr2021,142,MAGRAHAT PASCHIM,2,2,2,parties.IN.AITC,GIAS UDDIN MOLLA,97006,tcpd-state:parties.IN.AITC:GIAS UDDIN MOLLA:97006,,VERIFIED,VERIFIED,VERIFIED,,
west-bengal,AcGenApr2021,143,DIAMOND HARBOUR,2,2,2,parties.IN.AITC,PANNALAL HALDER,98478,tcpd-state:parties.IN.AITC:PANNALAL HALDER:98478,,VERIFIED,VERIFIED,VERIFIED,,
west-bengal,AcGenApr2021,144,FALTA,2,2,2,parties.IN.AITC,SANKAR KUMAR NASKAR,117179,tcpd-state:parties.IN.AITC:SANKAR KUMAR NASKAR:117179,,VERIFIED,VERIFIED,VERIFIED,,
west-bengal,AcGenApr2021,145,SATGACHIA,2,2,2,parties.IN.AITC,MOHAN CHANDRA NASKAR,118635,tcpd-state:parties.IN.AITC:MOHAN CHANDRA NASKAR:118635,,VERIFIED,VERIFIED,VERIFIED,,
west-bengal,AcGenApr2021,146,BISHNUPUR(SC),2,2,2,parties.IN.AITC,DILIP MONDAL,136509,tcpd-state:parties.IN.AITC:DILIP MONDAL:136509,,VERIFIED,VERIFIED,VERIFIED,,
west-bengal,AcGenApr2021,147,SONARPUR DAKSHIN,2,2,2,parties.IN.AITC,ARUNDHUTI MAITRA (LOVELY),109222,tcpd-state:parties.IN.AITC:ARUNDHUTI MAITRA (LOVELY):109222,,VERIFIED,VERIFIED,VERIFIED,,
west-bengal,AcGenApr2021,148,BHANGORE,2,2,2,parties.IN.UNK,MD. NAWSAD SIDDIQUE,109237,tcpd-state:parties.IN.UNK:MD. NAWSAD SIDDIQUE:109237,,VERIFIED,VERIFIED,VERIFIED,,
west-bengal,AcGenApr2021,149,KASBA,2,2,2,parties.IN.AITC,AHMED JAVED KHAN,121372,tcpd-state:parties.IN.AITC:AHMED JAVED KHAN:121372,,VERIFIED,VERIFIED,VERIFIED,,
west-bengal,AcGenApr2021,150,JADAVPUR,2,2,2,parties.IN.AITC,DEBABRATA MAJUMDAR (MALAY),98100,tcpd-state:parties.IN.AITC:DEBABRATA MAJUMDAR (MALAY):98100,,VERIFIED,VERIFIED,VERIFIED,,
west-bengal,AcGenApr2021,151,SONARPUR UTTAR,2,2,2,parties.IN.AITC,FIRDOUSI BEGUM,119957,tcpd-state:parties.IN.AITC:FIRDOUSI BEGUM:119957,,VERIFIED,VERIFIED,VERIFIED,,
west-bengal,AcGenApr2021,152,TOLLYGUNJ,2,2,2,parties.IN.AITC,AROOP BISWAS,101440,tcpd-state:parties.IN.AITC:AROOP BISWAS:101440,,VERIFIED,VERIFIED,VERIFIED,,
west-bengal,AcGenApr2021,153,BEHALA PURBA,2,2,2,parties.IN.AITC,Ratna Chatterjee,110968,tcpd-state:parties.IN.AITC:Ratna Chatterjee:110968,,VERIFIED,VERIFIED,VERIFIED,,
west-bengal,AcGenApr2021,154,BEHALA PASCHIM,2,2,2,parties.IN.AITC,PARTHA CHATTERJEE,114778,tcpd-state:parties.IN.AITC:PARTHA CHATTERJEE:114778,,VERIFIED,VERIFIED,VERIFIED,,
west-bengal,AcGenApr2021,155,MAHESHTALA,2,2,2,parties.IN.AITC,DULAL CHANDRA DAS,124008,tcpd-state:parties.IN.AITC:DULAL CHANDRA DAS:124008,,VERIFIED,VERIFIED,VERIFIED,,
west-bengal,AcGenApr2021,156,BUDGE BUDGE,2,2,2,parties.IN.AITC,ASHOK KUMAR DEB,122357,tcpd-state:parties.IN.AITC:ASHOK KUMAR DEB:122357,,VERIFIED,VERIFIED,VERIFIED,,
west-bengal,AcGenApr2021,157,METIABURUZ,2,2,2,parties.IN.AITC,ABDUL KHALEQUE MOLLA,151066,tcpd-state:parties.IN.AITC:ABDUL KHALEQUE MOLLA:151066,,VERIFIED,VERIFIED,VERIFIED,,
west-bengal,AcGenApr2021,158,KOLKATA PORT,2,2,2,parties.IN.AITC,Firhad Hakim,105543,tcpd-state:parties.IN.AITC:Firhad Hakim:105543,,VERIFIED,VERIFIED,VERIFIED,,
west-bengal,AcGenApr2021,159,BHABANIPUR,2,2,1,parties.IN.AITC,BANERJEE MAMATA,85263,tcpd-state:parties.IN.AITC:Sobhandeb Chattopadhyay:73505,,VERIFIED,DISPUTED,DISPUTED,,
west-bengal,AcGenApr2021,160,RASHBEHARI,2,2,2,parties.IN.AITC,DEBASISH KUMAR,65704,tcpd-state:parties.IN.AITC:DEBASISH KUMAR:65704,,VERIFIED,VERIFIED,VERIFIED,,
west-bengal,AcGenApr2021,161,BALLYGUNGE,2,2,2,parties.IN.AITC,Subrata Mukherjee,106585,tcpd-state:parties.IN.AITC:Subrata Mukherjee:106585,,VERIFIED,VERIFIED,VERIFIED,,
west-bengal,AcGenApr2021,162,CHOWRANGEE,2,2,2,parties.IN.AITC,BANDYOPADHYAY NAYNA,70101,tcpd-state:parties.IN.AITC:BANDYOPADHYAY NAYNA:70101,,VERIFIED,VERIFIED,VERIFIED,,
west-bengal,AcGenApr2021,163,ENTALLY,2,2,2,parties.IN.AITC,Swarna Kamal Saha,101709,tcpd-state:parties.IN.AITC:Swarna Kamal Saha:101709,,VERIFIED,VERIFIED,VERIFIED,,
west-bengal,AcGenApr2021,164,BELEGHATA,2,2,2,parties.IN.AITC,PARESH PAUL,103182,tcpd-state:parties.IN.AITC:PARESH PAUL:103182,,VERIFIED,VERIFIED,VERIFIED,,
west-bengal,AcGenApr2021,165,JORASANKO,2,2,2,parties.IN.AITC,VIVEK GUPTA,52123,tcpd-state:parties.IN.AITC:VIVEK GUPTA:52123,,VERIFIED,VERIFIED,VERIFIED,,
west-bengal,AcGenApr2021,166,SHYAMPUKUR,2,2,2,parties.IN.AITC,Dr. SHASHI PANJA,55785,tcpd-state:parties.IN.AITC:Dr. SHASHI PANJA:55785,,VERIFIED,VERIFIED,VERIFIED,,
west-bengal,AcGenApr2021,167,MANIKTALA,2,2,2,parties.IN.AITC,Sadhan Pande,67577,tcpd-state:parties.IN.AITC:Sadhan Pande:67577,,VERIFIED,VERIFIED,VERIFIED,,
west-bengal,AcGenApr2021,168,KASHIPUR-BELGACHIA,2,2,2,parties.IN.AITC,Atin Ghosh,76182,tcpd-state:parties.IN.AITC:Atin Ghosh:76182,,VERIFIED,VERIFIED,VERIFIED,,
west-bengal,AcGenApr2021,169,BALLY,2,2,2,parties.IN.AITC,RANA CHATTERJEE,53347,tcpd-state:parties.IN.AITC:RANA CHATTERJEE:53347,,VERIFIED,VERIFIED,VERIFIED,,
west-bengal,AcGenApr2021,170,HOWRAH UTTAR,2,2,2,parties.IN.AITC,GAUTAM CHOWDHURI,71575,tcpd-state:parties.IN.AITC:GAUTAM CHOWDHURI:71575,,VERIFIED,VERIFIED,VERIFIED,,
west-bengal,AcGenApr2021,171,HOWRAH MADHYA,2,2,2,parties.IN.AITC,"Arup Roy, S/o Late Prabhat Roy",111554,"tcpd-state:parties.IN.AITC:Arup Roy, S/o Late Prabhat Roy:111554",,VERIFIED,VERIFIED,VERIFIED,,
west-bengal,AcGenApr2021,172,SHIBPUR,2,2,2,parties.IN.AITC,Manoj Tiwary,92372,tcpd-state:parties.IN.AITC:Manoj Tiwary:92372,,VERIFIED,VERIFIED,VERIFIED,,
west-bengal,AcGenApr2021,173,HOWRAH DAKSHIN,2,2,2,parties.IN.AITC,NANDITA CHOWDHURY,116839,tcpd-state:parties.IN.AITC:NANDITA CHOWDHURY:116839,,VERIFIED,VERIFIED,VERIFIED,,
west-bengal,AcGenApr2021,174,SANKRAIL,2,2,2,parties.IN.AITC,PRIYA PAUL,111888,tcpd-state:parties.IN.AITC:PRIYA PAUL:111888,,VERIFIED,VERIFIED,VERIFIED,,
west-bengal,AcGenApr2021,175,PANCHLA,2,2,2,parties.IN.AITC,GULSAN MULLICK,104572,tcpd-state:parties.IN.AITC:GULSAN MULLICK:104572,,VERIFIED,VERIFIED,VERIFIED,,
west-bengal,AcGenApr2021,176,ULUBERIA PURBA,2,2,2,parties.IN.AITC,BIDESH RANJAN BOSE,86526,tcpd-state:parties.IN.AITC:BIDESH RANJAN BOSE:86526,,VERIFIED,VERIFIED,VERIFIED,,
west-bengal,AcGenApr2021,177,ULUBERIA UTTAR,2,2,2,parties.IN.AITC,Dr. Nirmal Maji,91501,tcpd-state:parties.IN.AITC:Dr. Nirmal Maji:91501,,VERIFIED,VERIFIED,VERIFIED,,
west-bengal,AcGenApr2021,178,ULUBERIA DAKSHIN,2,2,2,parties.IN.AITC,PULAK ROY,101880,tcpd-state:parties.IN.AITC:PULAK ROY:101880,,VERIFIED,VERIFIED,VERIFIED,,
west-bengal,AcGenApr2021,179,SHYAMPUR,2,2,2,parties.IN.AITC,KALIPADA MANDAL,114804,tcpd-state:parties.IN.AITC:KALIPADA MANDAL:114804,,VERIFIED,VERIFIED,VERIFIED,,
west-bengal,AcGenApr2021,180,BAGNAN,2,2,2,parties.IN.AITC,Arunava Sen (Raja),106042,tcpd-state:parties.IN.AITC:Arunava Sen (Raja):106042,,VERIFIED,VERIFIED,VERIFIED,,
west-bengal,AcGenApr2021,181,AMTA,2,2,2,parties.IN.AITC,SUKANTA KUMAR PAUL,102445,tcpd-state:parties.IN.AITC:SUKANTA KUMAR PAUL:102445,,VERIFIED,VERIFIED,VERIFIED,,
west-bengal,AcGenApr2021,182,UDAYNARAYANPUR,2,2,2,parties.IN.AITC,SAMIR KUMAR PANJA,101510,tcpd-state:parties.IN.AITC:SAMIR KUMAR PANJA:101510,,VERIFIED,VERIFIED,VERIFIED,,
west-bengal,AcGenApr2021,183,JAGATBALLAVPUR,2,2,2,parties.IN.AITC,SITANATH GHOSH,116562,tcpd-state:parties.IN.AITC:SITANATH GHOSH:116562,,VERIFIED,VERIFIED,VERIFIED,,
west-bengal,AcGenApr2021,184,DOMJUR,2,2,2,parties.IN.AITC,KALYAN GHOSH,130499,tcpd-state:parties.IN.AITC:KALYAN GHOSH:130499,,VERIFIED,VERIFIED,VERIFIED,,
west-bengal,AcGenApr2021,185,UTTARPARA,2,2,2,parties.IN.AITC,KANCHAN MULLICK,93878,tcpd-state:parties.IN.AITC:KANCHAN MULLICK:93878,,VERIFIED,VERIFIED,VERIFIED,,
west-bengal,AcGenApr2021,186,SREERAMPUR,2,2,2,parties.IN.AITC,DR. SUDIPTO ROY,93021,tcpd-state:parties.IN.AITC:DR. SUDIPTO ROY:93021,,VERIFIED,VERIFIED,VERIFIED,,
west-bengal,AcGenApr2021,187,CHAMPDANI,2,2,2,parties.IN.AITC,ARINDAM GUIN (BUBAI),100972,tcpd-state:parties.IN.AITC:ARINDAM GUIN (BUBAI):100972,,VERIFIED,VERIFIED,VERIFIED,,
west-bengal,AcGenApr2021,188,SINGUR,2,2,2,parties.IN.AITC,BECHARAM MANNA,101077,tcpd-state:parties.IN.AITC:BECHARAM MANNA:101077,,VERIFIED,VERIFIED,VERIFIED,,
west-bengal,AcGenApr2021,189,CHANDANNAGORE,2,2,2,parties.IN.AITC,INDRANIL SEN,86778,tcpd-state:parties.IN.AITC:INDRANIL SEN:86778,,VERIFIED,VERIFIED,VERIFIED,,
west-bengal,AcGenApr2021,190,CHUNCHURA,2,2,2,parties.IN.AITC,Asit Mazumder (Tapan),117104,tcpd-state:parties.IN.AITC:Asit Mazumder (Tapan):117104,,VERIFIED,VERIFIED,VERIFIED,,
west-bengal,AcGenApr2021,191,BALAGARH,2,2,2,parties.IN.AITC,MANORANJAN BAPARI,100364,tcpd-state:parties.IN.AITC:MANORANJAN BAPARI:100364,,VERIFIED,VERIFIED,VERIFIED,,
west-bengal,AcGenApr2021,192,PANDUA,2,2,2,parties.IN.AITC,Dr. Ratna De Nag,102874,tcpd-state:parties.IN.AITC:Dr. Ratna De Nag:102874,,VERIFIED,VERIFIED,VERIFIED,,
west-bengal,AcGenApr2021,193,SAPTAGRAM,2,2,2,parties.IN.AITC,TAPAN DASGUPTA,93328,tcpd-state:parties.IN.AITC:TAPAN DASGUPTA:93328,,VERIFIED,VERIFIED,VERIFIED,,
west-bengal,AcGenApr2021,194,CHANDITALA,2,2,2,parties.IN.AITC,SWATI KHANDOKER,103118,tcpd-state:parties.IN.AITC:SWATI KHANDOKER:103118,,VERIFIED,VERIFIED,VERIFIED,,
west-bengal,AcGenApr2021,195,JANGIPARA,2,2,2,parties.IN.AITC,SNEHASIS CHAKRABORTY,101885,tcpd-state:parties.IN.AITC:SNEHASIS CHAKRABORTY:101885,,VERIFIED,VERIFIED,VERIFIED,,
west-bengal,AcGenApr2021,196,HARIPAL,2,2,2,parties.IN.AITC,Dr. Karabi Manna,110215,tcpd-state:parties.IN.AITC:Dr. Karabi Manna:110215,,VERIFIED,VERIFIED,VERIFIED,,
west-bengal,AcGenApr2021,197,DHANEKHALI,2,2,2,parties.IN.AITC,ASIMA PATRA,124776,tcpd-state:parties.IN.AITC:ASIMA PATRA:124776,,VERIFIED,VERIFIED,VERIFIED,,
west-bengal,AcGenApr2021,198,TARAKESWAR,2,2,2,parties.IN.AITC,RAMENDU SINHARAY,96698,tcpd-state:parties.IN.AITC:RAMENDU SINHARAY:96698,,VERIFIED,VERIFIED,VERIFIED,,
west-bengal,AcGenApr2021,199,PURSURAH,2,2,2,parties.IN.BJP,BIMAN GHOSH,119334,tcpd-state:parties.IN.BJP:BIMAN GHOSH:119334,,VERIFIED,VERIFIED,VERIFIED,,
west-bengal,AcGenApr2021,200,ARAMBAG,2,2,2,parties.IN.BJP,MADHUSUDAN BAG,103108,tcpd-state:parties.IN.BJP:MADHUSUDAN BAG:103108,,VERIFIED,VERIFIED,VERIFIED,,
west-bengal,AcGenApr2021,201,GOGHAT,2,2,2,parties.IN.BJP,BISWANATH KARAK,102227,tcpd-state:parties.IN.BJP:BISWANATH KARAK:102227,,VERIFIED,VERIFIED,VERIFIED,,
west-bengal,AcGenApr2021,202,KHANAKUL,2,2,2,parties.IN.BJP,SUSANTA GHOSH,107403,tcpd-state:parties.IN.BJP:SUSANTA GHOSH:107403,,VERIFIED,VERIFIED,VERIFIED,,
west-bengal,AcGenApr2021,203,TAMLUK,2,2,2,parties.IN.AITC,Saumen Kumar Mahapatra,108243,tcpd-state:parties.IN.AITC:Saumen Kumar Mahapatra:108243,,VERIFIED,VERIFIED,VERIFIED,,
west-bengal,AcGenApr2021,204,PANSKURA PURBA,2,2,2,parties.IN.AITC,Biplab Roy Chowdhury,91213,tcpd-state:parties.IN.AITC:Biplab Roy Chowdhury:91213,,VERIFIED,VERIFIED,VERIFIED,,
west-bengal,AcGenApr2021,205,PANSKURA PASCHIM,2,2,2,parties.IN.AITC,PHIROJA BIBI,111705,tcpd-state:parties.IN.AITC:PHIROJA BIBI:111705,,VERIFIED,VERIFIED,VERIFIED,,
west-bengal,AcGenApr2021,206,MOYNA,2,2,2,parties.IN.BJP,Ashoke Dinda,108109,tcpd-state:parties.IN.BJP:Ashoke Dinda:108109,,VERIFIED,VERIFIED,VERIFIED,,
west-bengal,AcGenApr2021,207,NANDAKUMAR,2,2,2,parties.IN.AITC,SUKUMAR DE,108181,tcpd-state:parties.IN.AITC:SUKUMAR DE:108181,,VERIFIED,VERIFIED,VERIFIED,,
west-bengal,AcGenApr2021,208,MAHISADAL,2,2,2,parties.IN.AITC,TILAK KUMAR CHAKRABORTY,101986,tcpd-state:parties.IN.AITC:TILAK KUMAR CHAKRABORTY:101986,,VERIFIED,VERIFIED,VERIFIED,,
west-bengal,AcGenApr2021,209,HALDIA,2,2,2,parties.IN.BJP,Tapasi Mondal,104126,tcpd-state:parties.IN.BJP:Tapasi Mondal:104126,,VERIFIED,VERIFIED,VERIFIED,,
west-bengal,AcGenApr2021,210,NANDIGRAM,2,2,2,parties.IN.BJP,ADHIKARI SUVENDU,110764,tcpd-state:parties.IN.BJP:ADHIKARI SUVENDU:110764,,VERIFIED,VERIFIED,VERIFIED,,
west-bengal,AcGenApr2021,211,CHANDIPUR,2,2,2,parties.IN.AITC,Soham Chakraborty,109770,tcpd-state:parties.IN.AITC:Soham Chakraborty:109770,,VERIFIED,VERIFIED,VERIFIED,,
west-bengal,AcGenApr2021,212,PATASHPUR,2,2,2,parties.IN.AITC,UTTAM BARIK,105299,tcpd-state:parties.IN.AITC:UTTAM BARIK:105299,,VERIFIED,VERIFIED,VERIFIED,,
west-bengal,AcGenApr2021,213,KANTHI UTTAR,2,2,2,parties.IN.BJP,SUMITA SINHA,113524,tcpd-state:parties.IN.BJP:SUMITA SINHA:113524,,VERIFIED,VERIFIED,VERIFIED,,
west-bengal,AcGenApr2021,214,BHAGABANPUR,2,2,2,parties.IN.BJP,RABINDRANATH MAITY,121480,tcpd-state:parties.IN.BJP:RABINDRANATH MAITY:121480,,VERIFIED,VERIFIED,VERIFIED,,
west-bengal,AcGenApr2021,215,KHEJURI,2,2,2,parties.IN.BJP,SANTANU PRAMANIK,110407,tcpd-state:parties.IN.BJP:SANTANU PRAMANIK:110407,,VERIFIED,VERIFIED,VERIFIED,,
west-bengal,AcGenApr2021,216,KANTHI DAKSHIN,2,2,2,parties.IN.BJP,ARUP KUMAR DAS,98477,tcpd-state:parties.IN.BJP:ARUP KUMAR DAS:98477,,VERIFIED,VERIFIED,VERIFIED,,
west-bengal,AcGenApr2021,217,RAMNAGAR,2,2,2,parties.IN.AITC,AKHIL GIRI,112622,tcpd-state:parties.IN.AITC:AKHIL GIRI:112622,,VERIFIED,VERIFIED,VERIFIED,,
west-bengal,AcGenApr2021,218,EGRA,2,2,2,parties.IN.AITC,TARUN KUMAR MAITY,125763,tcpd-state:parties.IN.AITC:TARUN KUMAR MAITY:125763,,VERIFIED,VERIFIED,VERIFIED,,
west-bengal,AcGenApr2021,219,DANTAN,2,2,2,parties.IN.AITC,BIKRAM CHANDRA PRADHAN,95209,tcpd-state:parties.IN.AITC:BIKRAM CHANDRA PRADHAN:95209,,VERIFIED,VERIFIED,VERIFIED,,
west-bengal,AcGenApr2021,220,NAYAGRAM,2,2,2,parties.IN.AITC,DULAL MURMU,100903,tcpd-state:parties.IN.AITC:DULAL MURMU:100903,,VERIFIED,VERIFIED,VERIFIED,,
west-bengal,AcGenApr2021,221,GOPIBALLAVPUR,2,2,2,parties.IN.AITC,Dr. Khagendra Nath Mahata,104115,tcpd-state:parties.IN.AITC:Dr. Khagendra Nath Mahata:104115,,VERIFIED,VERIFIED,VERIFIED,,
west-bengal,AcGenApr2021,222,JHARGRAM,2,2,2,parties.IN.AITC,BIRBAHA HANSDA,109493,tcpd-state:parties.IN.AITC:BIRBAHA HANSDA:109493,,VERIFIED,VERIFIED,VERIFIED,,
west-bengal,AcGenApr2021,223,KESHIARY,2,2,2,parties.IN.AITC,PARESH MURMU,106366,tcpd-state:parties.IN.AITC:PARESH MURMU:106366,,VERIFIED,VERIFIED,VERIFIED,,
west-bengal,AcGenApr2021,224,KHARAGPUR SADAR,2,2,2,parties.IN.BJP,HIRANMOY CHATTOPADHYAYA,79607,tcpd-state:parties.IN.BJP:HIRANMOY CHATTOPADHYAYA:79607,,VERIFIED,VERIFIED,VERIFIED,,
west-bengal,AcGenApr2021,225,NARAYANGARH,2,2,2,parties.IN.AITC,ATTA SURJA KANTA,100894,tcpd-state:parties.IN.AITC:ATTA SURJA KANTA:100894,,VERIFIED,VERIFIED,VERIFIED,,
west-bengal,AcGenApr2021,226,SABANG,2,2,2,parties.IN.AITC,MANAS RANJAN BHUNIA,112098,tcpd-state:parties.IN.AITC:MANAS RANJAN BHUNIA:112098,,VERIFIED,VERIFIED,VERIFIED,,
west-bengal,AcGenApr2021,227,PINGLA,2,2,2,parties.IN.AITC,AJIT MAITY,112435,tcpd-state:parties.IN.AITC:AJIT MAITY:112435,,VERIFIED,VERIFIED,VERIFIED,,
west-bengal,AcGenApr2021,228,KHARAGPUR,2,2,2,parties.IN.AITC,DINEN ROY,109727,tcpd-state:parties.IN.AITC:DINEN ROY:109727,,VERIFIED,VERIFIED,VERIFIED,,
west-bengal,AcGenApr2021,229,DEBRA,2,2,2,parties.IN.AITC,HUMAYUN KABIR,95850,tcpd-state:parties.IN.AITC:HUMAYUN KABIR:95850,,VERIFIED,VERIFIED,VERIFIED,,
west-bengal,AcGenApr2021,230,DASPUR,2,2,2,parties.IN.AITC,MAMATA BHUNIA,114753,tcpd-state:parties.IN.AITC:MAMATA BHUNIA:114753,,VERIFIED,VERIFIED,VERIFIED,,
west-bengal,AcGenApr2021,231,GHATAL,2,2,2,parties.IN.BJP,SITAL KAPAT,105812,tcpd-state:parties.IN.BJP:SITAL KAPAT:105812,,VERIFIED,VERIFIED,VERIFIED,,
west-bengal,AcGenApr2021,232,CHANDRAKONA,2,2,2,parties.IN.AITC,ARUP DHARA,121846,tcpd-state:parties.IN.AITC:ARUP DHARA:121846,,VERIFIED,VERIFIED,VERIFIED,,
west-bengal,AcGenApr2021,233,GARBETA,2,2,2,parties.IN.AITC,Uttara Singha (Hazra),94928,tcpd-state:parties.IN.AITC:Uttara Singha (Hazra):94928,,VERIFIED,VERIFIED,VERIFIED,,
west-bengal,AcGenApr2021,234,SALBONI,2,2,2,parties.IN.AITC,Srikanta Mahata,126020,tcpd-state:parties.IN.AITC:Srikanta Mahata:126020,,VERIFIED,VERIFIED,VERIFIED,,
west-bengal,AcGenApr2021,235,KESHPUR,2,2,2,parties.IN.AITC,Seuli Saha,116992,tcpd-state:parties.IN.AITC:Seuli Saha:116992,,VERIFIED,VERIFIED,VERIFIED,,
west-bengal,AcGenApr2021,236,MEDINIPUR,2,2,2,parties.IN.AITC,June Maliah,121175,tcpd-state:parties.IN.AITC:June Maliah:121175,,VERIFIED,VERIFIED,VERIFIED,,
west-bengal,AcGenApr2021,237,BINPUR,2,2,2,parties.IN.AITC,DEBNATH HANSDA,100277,tcpd-state:parties.IN.AITC:DEBNATH HANSDA:100277,,VERIFIED,VERIFIED,VERIFIED,,
west-bengal,AcGenApr2021,238,BANDWAN,2,2,2,parties.IN.AITC,RAJIB LOCHAN SAREN,113337,tcpd-state:parties.IN.AITC:RAJIB LOCHAN SAREN:113337,,VERIFIED,VERIFIED,VERIFIED,,
west-bengal,AcGenApr2021,239,BALARAMPUR,2,2,2,parties.IN.BJP,BANESWAR MAHATO,89521,tcpd-state:parties.IN.BJP:BANESWAR MAHATO:89521,,VERIFIED,VERIFIED,VERIFIED,,
west-bengal,AcGenApr2021,240,BAGHMUNDI,2,2,2,parties.IN.AITC,Sushanta Mahato,75905,tcpd-state:parties.IN.AITC:Sushanta Mahato:75905,,VERIFIED,VERIFIED,VERIFIED,,
west-bengal,AcGenApr2021,241,JOYPUR,2,2,2,parties.IN.BJP,Nara Hari Mahato,74380,tcpd-state:parties.IN.BJP:Nara Hari Mahato:74380,,VERIFIED,VERIFIED,VERIFIED,,
west-bengal,AcGenApr2021,242,PURULIA,2,2,2,parties.IN.BJP,Sudip Kumar Mukherjee,89733,tcpd-state:parties.IN.BJP:Sudip Kumar Mukherjee:89733,,VERIFIED,VERIFIED,VERIFIED,,
west-bengal,AcGenApr2021,243,MANBAZAR,2,2,2,parties.IN.AITC,SANDHYARANI TUDU,103298,tcpd-state:parties.IN.AITC:SANDHYARANI TUDU:103298,,VERIFIED,VERIFIED,VERIFIED,,
west-bengal,AcGenApr2021,244,KASHIPUR,2,2,2,parties.IN.BJP,KAMALAKANTA HANSDA,92938,tcpd-state:parties.IN.BJP:KAMALAKANTA HANSDA:92938,,VERIFIED,VERIFIED,VERIFIED,,
west-bengal,AcGenApr2021,245,PARA,2,2,2,parties.IN.BJP,NADIAR CHAND BOURI,87347,tcpd-state:parties.IN.BJP:NADIAR CHAND BOURI:87347,,VERIFIED,VERIFIED,VERIFIED,,
west-bengal,AcGenApr2021,246,RAGHUNATHPUR,2,2,2,parties.IN.BJP,Vivekananda Bauri,95770,tcpd-state:parties.IN.BJP:Vivekananda Bauri:95770,,VERIFIED,VERIFIED,VERIFIED,,
west-bengal,AcGenApr2021,247,SALTORA,2,2,2,parties.IN.BJP,BAURI CHANDANA,91648,tcpd-state:parties.IN.BJP:BAURI CHANDANA:91648,,VERIFIED,VERIFIED,VERIFIED,,
west-bengal,AcGenApr2021,248,CHHATNA,2,2,2,parties.IN.BJP,SATYANARAYAN MUKHOPADHYAY,90233,tcpd-state:parties.IN.BJP:SATYANARAYAN MUKHOPADHYAY:90233,,VERIFIED,VERIFIED,VERIFIED,,
west-bengal,AcGenApr2021,249,RANIBUNDH,2,2,2,parties.IN.AITC,Jyotsna Mandi,90928,tcpd-state:parties.IN.AITC:Jyotsna Mandi:90928,,VERIFIED,VERIFIED,VERIFIED,,
west-bengal,AcGenApr2021,250,RAIPUR,2,2,2,parties.IN.AITC,MRITYUNJOY MURMU,101043,tcpd-state:parties.IN.AITC:MRITYUNJOY MURMU:101043,,VERIFIED,VERIFIED,VERIFIED,,
west-bengal,AcGenApr2021,251,TALDANGRA,2,2,2,parties.IN.AITC,ARUP CHAKRABORTY,92026,tcpd-state:parties.IN.AITC:ARUP CHAKRABORTY:92026,,VERIFIED,VERIFIED,VERIFIED,,
west-bengal,AcGenApr2021,252,BANKURA,2,2,2,parties.IN.BJP,NILADRI SEKHAR DANA,95466,tcpd-state:parties.IN.BJP:NILADRI SEKHAR DANA:95466,,VERIFIED,VERIFIED,VERIFIED,,
west-bengal,AcGenApr2021,253,BARJORA,2,2,2,parties.IN.AITC,ALOK MUKHERJEE,93290,tcpd-state:parties.IN.AITC:ALOK MUKHERJEE:93290,,VERIFIED,VERIFIED,VERIFIED,,
west-bengal,AcGenApr2021,254,ONDA,2,2,2,parties.IN.BJP,AMARNATH  SHAKHA,104940,tcpd-state:parties.IN.BJP:AMARNATH  SHAKHA:104940,,VERIFIED,VERIFIED,VERIFIED,,
west-bengal,AcGenApr2021,255,BISHNUPUR,2,2,2,parties.IN.BJP,TANMAY GHOSH (BUMBA),89689,tcpd-state:parties.IN.BJP:TANMAY GHOSH (BUMBA):89689,,VERIFIED,VERIFIED,VERIFIED,,
west-bengal,AcGenApr2021,256,KATULPUR,2,2,2,parties.IN.BJP,HARAKALI PROTIHER,106022,tcpd-state:parties.IN.BJP:HARAKALI PROTIHER:106022,,VERIFIED,VERIFIED,VERIFIED,,
west-bengal,AcGenApr2021,257,INDUS,2,2,2,parties.IN.BJP,NIRMAL KUMAR DHARA,104936,tcpd-state:parties.IN.BJP:NIRMAL KUMAR DHARA:104936,,VERIFIED,VERIFIED,VERIFIED,,
west-bengal,AcGenApr2021,258,SONAMUKHI,2,2,2,parties.IN.BJP,DIBAKAR GHARAMI,98161,tcpd-state:parties.IN.BJP:DIBAKAR GHARAMI:98161,,VERIFIED,VERIFIED,VERIFIED,,
west-bengal,AcGenApr2021,259,KHANDAGHOSH,2,2,2,parties.IN.AITC,NABIN CHANDRA BAG,104264,tcpd-state:parties.IN.AITC:NABIN CHANDRA BAG:104264,,VERIFIED,VERIFIED,VERIFIED,,
west-bengal,AcGenApr2021,260,BARDHAMAN DAKSHIN,2,2,2,parties.IN.AITC,KHOKAN DAS,91015,tcpd-state:parties.IN.AITC:KHOKAN DAS:91015,,VERIFIED,VERIFIED,VERIFIED,,
west-bengal,AcGenApr2021,261,RAINA,2,2,2,parties.IN.AITC,Shampa Dhara,108752,tcpd-state:parties.IN.AITC:Shampa Dhara:108752,,VERIFIED,VERIFIED,VERIFIED,,
west-bengal,AcGenApr2021,262,JAMALPUR,2,2,2,parties.IN.AITC,ALOK KUMAR MAJHI,96999,tcpd-state:parties.IN.AITC:ALOK KUMAR MAJHI:96999,,VERIFIED,VERIFIED,VERIFIED,,
west-bengal,AcGenApr2021,263,MONTESWAR,2,2,2,parties.IN.AITC,CHOWDHURY SIDDIQULLAH,105460,tcpd-state:parties.IN.AITC:CHOWDHURY SIDDIQULLAH:105460,,VERIFIED,VERIFIED,VERIFIED,,
west-bengal,AcGenApr2021,264,KALNA,2,2,2,parties.IN.AITC,DEBOPRASAD BAG (POLTU),96073,tcpd-state:parties.IN.AITC:DEBOPRASAD BAG (POLTU):96073,,VERIFIED,VERIFIED,VERIFIED,,
west-bengal,AcGenApr2021,265,MEMARI,2,2,2,parties.IN.AITC,MADHUSUDAN BHATTACHARYA,104851,tcpd-state:parties.IN.AITC:MADHUSUDAN BHATTACHARYA:104851,,VERIFIED,VERIFIED,VERIFIED,,
west-bengal,AcGenApr2021,266,BARDHAMAN UTTAR,2,2,2,parties.IN.AITC,NISITH KUMAR MALIK,111211,tcpd-state:parties.IN.AITC:NISITH KUMAR MALIK:111211,,VERIFIED,VERIFIED,VERIFIED,,
west-bengal,AcGenApr2021,267,BHATAR,2,2,2,parties.IN.AITC,ADHIKARI MANGOBINDA,108028,tcpd-state:parties.IN.AITC:ADHIKARI MANGOBINDA:108028,,VERIFIED,VERIFIED,VERIFIED,,
west-bengal,AcGenApr2021,268,PURBASTHALI DAKSHIN,2,2,2,parties.IN.AITC,SWAPAN DEBNATH,105698,tcpd-state:parties.IN.AITC:SWAPAN DEBNATH:105698,,VERIFIED,VERIFIED,VERIFIED,,
west-bengal,AcGenApr2021,269,PURBASTHALI UTTAR,2,2,2,parties.IN.AITC,TAPAN CHATTERJEE,92421,tcpd-state:parties.IN.AITC:TAPAN CHATTERJEE:92421,,VERIFIED,VERIFIED,VERIFIED,,
west-bengal,AcGenApr2021,270,KATWA,2,2,2,parties.IN.AITC,Rabindranath Chatterjee,107894,tcpd-state:parties.IN.AITC:Rabindranath Chatterjee:107894,,VERIFIED,VERIFIED,VERIFIED,,
west-bengal,AcGenApr2021,271,KETUGRAM,2,2,2,parties.IN.AITC,Sekh Sahonawez,100226,tcpd-state:parties.IN.AITC:Sekh Sahonawez:100226,,VERIFIED,VERIFIED,VERIFIED,,
west-bengal,AcGenApr2021,272,MANGALKOT,2,2,2,parties.IN.AITC,Apurba Chowdhury (Achal),107596,tcpd-state:parties.IN.AITC:Apurba Chowdhury (Achal):107596,,VERIFIED,VERIFIED,VERIFIED,,
west-bengal,AcGenApr2021,273,AUSGRAM,2,2,2,parties.IN.AITC,ABHEDANANDA THANDER,100392,tcpd-state:parties.IN.AITC:ABHEDANANDA THANDER:100392,,VERIFIED,VERIFIED,VERIFIED,,
west-bengal,AcGenApr2021,274,GALSI,2,2,2,parties.IN.AITC,NEPAL GHORUI,109504,tcpd-state:parties.IN.AITC:NEPAL GHORUI:109504,,VERIFIED,VERIFIED,VERIFIED,,
west-bengal,AcGenApr2021,275,PANDABESWAR,2,2,2,parties.IN.AITC,NARENDRANATH CHAKRABORTY,73922,tcpd-state:parties.IN.AITC:NARENDRANATH CHAKRABORTY:73922,,VERIFIED,VERIFIED,VERIFIED,,
west-bengal,AcGenApr2021,276,DURGAPUR PURBA,2,2,2,parties.IN.AITC,PRADIP MAZUMDAR,79303,tcpd-state:parties.IN.AITC:PRADIP MAZUMDAR:79303,,VERIFIED,VERIFIED,VERIFIED,,
west-bengal,AcGenApr2021,277,DURGAPUR PASCHIM,2,2,2,parties.IN.BJP,LAKSHMAN CHANDRA GHORUI,91186,tcpd-state:parties.IN.BJP:LAKSHMAN CHANDRA GHORUI:91186,,VERIFIED,VERIFIED,VERIFIED,,
west-bengal,AcGenApr2021,278,RANIGANJ,2,2,2,parties.IN.AITC,TAPAS BANERJEE,78164,tcpd-state:parties.IN.AITC:TAPAS BANERJEE:78164,,VERIFIED,VERIFIED,VERIFIED,,
west-bengal,AcGenApr2021,279,JAMURIA,2,2,2,parties.IN.AITC,HARERAM SINGH,71002,tcpd-state:parties.IN.AITC:HARERAM SINGH:71002,,VERIFIED,VERIFIED,VERIFIED,,
west-bengal,AcGenApr2021,280,ASANSOL DAKSHIN,2,2,2,parties.IN.BJP,AGNIMITRA PAUL,87881,tcpd-state:parties.IN.BJP:AGNIMITRA PAUL:87881,,VERIFIED,VERIFIED,VERIFIED,,
west-bengal,AcGenApr2021,281,ASANSOL UTTAR,2,2,2,parties.IN.AITC,Ghatak Moloy,100931,tcpd-state:parties.IN.AITC:Ghatak Moloy:100931,,VERIFIED,VERIFIED,VERIFIED,,
west-bengal,AcGenApr2021,282,KULTI,2,2,2,parties.IN.BJP,AJAY  KUMAR PODDAR,81112,tcpd-state:parties.IN.BJP:AJAY  KUMAR PODDAR:81112,,VERIFIED,VERIFIED,VERIFIED,,
west-bengal,AcGenApr2021,283,BARBANI,2,2,2,parties.IN.AITC,BIDHAN UPADHYAY,88430,tcpd-state:parties.IN.AITC:BIDHAN UPADHYAY:88430,,VERIFIED,VERIFIED,VERIFIED,,
west-bengal,AcGenApr2021,284,DUBRAJPUR,2,2,2,parties.IN.BJP,Anup Kumar Saha,98083,tcpd-state:parties.IN.BJP:Anup Kumar Saha:98083,,VERIFIED,VERIFIED,VERIFIED,,
west-bengal,AcGenApr2021,285,SURI,2,2,2,parties.IN.AITC,BIKASH ROYCHOUDHURY,105871,tcpd-state:parties.IN.AITC:BIKASH ROYCHOUDHURY:105871,,VERIFIED,VERIFIED,VERIFIED,,
west-bengal,AcGenApr2021,286,BOLPUR,2,2,2,parties.IN.AITC,SINHA CHANDRANATH,116443,tcpd-state:parties.IN.AITC:SINHA CHANDRANATH:116443,,VERIFIED,VERIFIED,VERIFIED,,
west-bengal,AcGenApr2021,287,NANOOR,2,2,2,parties.IN.AITC,BIDHAN CHANDRA MAJHI,112116,tcpd-state:parties.IN.AITC:BIDHAN CHANDRA MAJHI:112116,,VERIFIED,VERIFIED,VERIFIED,,
west-bengal,AcGenApr2021,288,LABHPUR,2,2,2,parties.IN.AITC,ABHIJIT SINHA (RANA),108423,tcpd-state:parties.IN.AITC:ABHIJIT SINHA (RANA):108423,,VERIFIED,VERIFIED,VERIFIED,,
west-bengal,AcGenApr2021,289,SAINTHIA,2,2,2,parties.IN.AITC,NILABATI SAHA,110572,tcpd-state:parties.IN.AITC:NILABATI SAHA:110572,,VERIFIED,VERIFIED,VERIFIED,,
west-bengal,AcGenApr2021,290,MAYURESWAR,2,2,2,parties.IN.AITC,ABHIJIT ROY,100425,tcpd-state:parties.IN.AITC:ABHIJIT ROY:100425,,VERIFIED,VERIFIED,VERIFIED,,
west-bengal,AcGenApr2021,291,RAMPURHAT,2,2,2,parties.IN.AITC,ASISH BANERJEE,103276,tcpd-state:parties.IN.AITC:ASISH BANERJEE:103276,,VERIFIED,VERIFIED,VERIFIED,,
west-bengal,AcGenApr2021,292,HANSAN,2,2,2,parties.IN.AITC,Dr. ASOK KUMAR CHATTOPADHYAY,108289,tcpd-state:parties.IN.AITC:Dr. ASOK KUMAR CHATTOPADHYAY:108289,,VERIFIED,VERIFIED,VERIFIED,,
west-bengal,AcGenApr2021,293,NALHATI,2,2,2,parties.IN.AITC,RAJENDRA PRASAD SINGH (RAJU SINGH),117438,tcpd-state:parties.IN.AITC:RAJENDRA PRASAD SINGH (RAJU SINGH):117438,,VERIFIED,VERIFIED,VERIFIED,,
west-bengal,AcGenApr2021,294,MURARAI,2,2,2,parties.IN.AITC,DR MOSARRAF HOSSAIN,146496,tcpd-state:parties.IN.AITC:DR MOSARRAF HOSSAIN:146496,,VERIFIED,VERIFIED,VERIFIED,,
